Symbol,CT1,CT2,CT3,CT4,CTmean,AD1,AD2,AD3,AD4,ADmean,pval.AD-CT,AD.CT.FC,log10.pval,Translation
SQSTM1,1.348,0,0.931,0,0.56975,11.768,11.954,11.212,12.639,11.89325,3.46E-07,11.324,6.589,
UBB,6.136,4.017,6.1,3.618,4.96775,15.37,15.901,15.254,16.143,15.667,4.86E-06,10.699,5.298,
USP5,4.419,2.689,0,2.121,2.30725,13.171,13.133,12.337,13.16,12.95025,2.73E-05,10.643,4.563,
AP3B2,0.815,0.38,0,1.216,0.60275,11.197,11.441,10.801,10.65,11.02225,8.97E-08,10.419,7.255,
GOLGA2,0.584,0.404,0.545,0,0.38325,10.09,10.119,10.57,10.303,10.2705,1.65E-10,9.887,8.712,
SNRNP70,3.949,3.462,0,3.381,2.698,12.606,13.045,12.408,12.105,12.541,4.16E-05,9.843,4.38,
UBR4,0,0,0.115,0,0.02875,10.015,9.946,8.771,9.88,9.653,9.22E-08,9.624,7.244,
WDR26,1.453,0.685,0.624,0.22,0.7455,10.53,10.228,9.522,10.798,10.2695,3.41E-07,9.524,6.598,
YWHAH,0,0,0,0.289,0.07225,8.291,8.494,10.572,10.459,9.454,5.02E-06,9.382,5.284,
PSMD2,1.162,0.357,0.19,0.083,0.448,10.109,10.027,8.659,9.601,9.599,6.05E-07,9.151,6.26,
CCDC174,0.175,0,0.263,0,0.1095,8.97,9.012,8.831,9.394,9.05175,1.04E-11,8.942,9.059,
PSD3,0.323,0.47,0.813,0.978,0.646,9.49,9.956,8.699,9.895,9.51,2.45E-07,8.864,6.783,
PSMD11,1.108,0.006,0.297,0.332,0.43575,9.687,9.483,8.473,9.278,9.23025,3.74E-07,8.795,6.543,
SPATS2L,0.847,0,0,0.296,0.28575,9.256,9.745,8.675,8.621,9.07425,2.78E-07,8.789,6.715,
PSMC6,1.416,0,0.266,1.142,0.706,9.57,9.461,8.605,9.177,9.20325,7.63E-07,8.498,6.131,
PSMC2,0.777,0.089,0.746,0,0.403,9.136,9.085,8.385,8.777,8.84575,1.17E-07,8.443,7.144,
UCHL1,0,2.874,0,0.367,0.81025,9.312,10.362,9.601,7.596,9.21775,8.88E-05,8.408,4.051,
DNM1,2.916,0.616,1.619,0.095,1.3115,9.694,9.9,9.238,9.896,9.682,1.22E-05,8.371,4.908,
TPM3,0,0,0.34,0.016,0.089,8.696,9.12,7.228,8.52,8.391,1.01E-06,8.302,5.988,
NAPB,1.197,0.147,0.481,0,0.45625,8.844,9.255,8.59,7.768,8.61425,1.04E-06,8.158,5.971,
SPTAN1,1.488,0,2.837,5.823,2.537,10.822,11.167,10.578,10.198,10.69125,6.35E-04,8.154,3.198,
CLIP2,0.191,0.524,0,0.317,0.258,8.921,8.799,7.446,8.404,8.3925,5.03E-07,8.134,6.367,
ANK2,0.604,0.116,0,0.687,0.35175,8.533,8.787,8.052,8.275,8.41175,6.21E-08,8.06,7.396,
MAEA,0.859,0.335,0.208,0,0.3505,8.707,8.692,7.61,8.585,8.3985,3.55E-07,8.048,6.574,
YWHAG,1.457,2.193,2.366,1.721,1.93425,10.164,10.265,9.683,9.608,9.93,1.50E-07,7.996,7.032,
PSMC5,1.436,0,0,0,0.359,8.781,8.64,7.733,8.225,8.34475,1.47E-06,7.986,5.808,
KIF5C,0.983,1.393,1.094,0.113,0.89575,9.374,9.17,7.602,9.204,8.8375,3.65E-06,7.942,5.418,
PSMC4,1.017,0.094,0.279,0,0.3475,8.705,8.665,7.727,8.028,8.28125,4.46E-07,7.934,6.439,
PSMD13,0.294,0,0,0.156,0.1125,8.295,8.187,7.213,7.961,7.914,1.28E-07,7.802,7.104,
ARMC8,1.771,0.989,1.444,0.938,1.2855,9.489,9.084,8.459,9.31,9.0855,2.97E-07,7.8,6.676,
FAM81A,0.543,0.211,0.782,0.179,0.42875,8.048,8.498,8.147,8.188,8.22025,5.43E-09,7.792,8.089,
PFKP,4.513,1.066,0.318,0.2,1.52425,9.517,9.444,8.74,9.461,9.2905,2.84E-04,7.766,3.547,
RPS6,0.245,1.085,1.041,0,0.59275,8.407,9.588,7.826,7.497,8.3295,6.77E-06,7.737,5.159,TRUE
SYN1,1.992,2.362,0.533,3.721,2.152,9.721,10.359,9.621,9.81,9.87775,2.67E-05,7.726,4.571,
AP2M1,1.158,0.789,0,0.495,0.6105,8.64,8.652,8.388,7.571,8.31275,6.51E-07,7.703,6.219,
CAP2,0,0.745,0,0.965,0.4275,8.184,8.108,7.561,8.55,8.10075,4.49E-07,7.673,6.435,
NAP1L5,0.138,0.515,0,0,0.16325,8.262,7.986,7.316,7.483,7.76175,1.39E-07,7.599,7.068,
MAP2K1,0.865,0,0,1.406,0.56775,8.141,8.674,7.833,7.99,8.1595,1.16E-06,7.592,5.917,
RANBP9,0.037,1.602,0.863,0.797,0.82475,8.638,8.566,7.565,8.886,8.41375,2.06E-06,7.589,5.659,
APOE,2.154,1.271,0.479,1.432,1.334,9.705,9.692,8.34,7.925,8.9155,1.15E-05,7.581,4.934,
PSMC1,2.758,0,0,0.331,0.77225,9.02,8.428,7.308,8.477,8.30825,5.94E-05,7.536,4.226,
RPS9,0.562,0.333,0,0,0.22375,8.147,8.745,7.969,6.168,7.75725,1.17E-05,7.533,4.927,TRUE
ZNF365,0.633,0.828,0.291,0,0.438,8.331,8.892,6.854,7.471,7.887,4.78E-06,7.449,5.305,
PSMD12,0.863,0,0,0.108,0.24275,8.068,8.06,7.063,7.451,7.6605,5.13E-07,7.418,6.356,
GID8,0,0.403,0,0,0.10075,7.781,7.69,6.777,7.743,7.49775,2.00E-07,7.397,6.891,
CAMKV,1.691,0,1.149,0,0.71,8.271,8.25,7.68,8.187,8.097,2.97E-06,7.387,5.504,
LANCL1,0,0.163,2.79,1.524,1.11925,8.164,9.011,8.285,8.412,8.468,3.70E-05,7.349,4.431,
GPI,3.081,0,1.561,0,1.1605,8.902,9.27,8.649,7.195,8.504,1.48E-04,7.343,3.829,
PSMD1,1.025,0.205,1.009,0.702,0.73525,8.46,8.459,7.206,8.103,8.057,8.25E-07,7.321,6.09,
HSPA12A,0.088,0.956,0.882,3.272,1.2995,8.728,8.591,8.228,8.87,8.60425,4.53E-05,7.305,4.343,
ATL1,0.146,0,0.242,0,0.097,7.777,7.804,6.802,7.168,7.38775,1.77E-07,7.291,6.953,
TBCB,1.738,0,0,0,0.4345,7.828,8.215,7.23,7.549,7.7055,5.19E-06,7.271,5.27,
GAS7,0.634,0.393,0,0.225,0.313,7.363,7.998,7.073,7.415,7.46225,1.37E-07,7.149,7.072,
YWHAE,3.057,4.088,2.944,2.451,3.135,10.451,10.626,10.241,9.625,10.23575,2.15E-06,7.101,5.642,
PTPN18,0.736,0.567,0.526,0.072,0.47525,7.382,7.89,6.924,7.589,7.44625,2.06E-07,6.971,6.876,
PLCB1,1.402,2.1,2.302,0,1.451,9.039,8.817,7.673,8.156,8.42125,2.61E-05,6.97,4.581,
AHNAK,1.595,1.154,0.826,0,0.89375,8.101,8.675,7.342,7.232,7.8375,6.53E-06,6.944,5.174,
GID4,0.605,0,1.281,2.606,1.123,8.29,8.146,7.302,8.426,8.041,2.91E-05,6.918,4.535,
PDXK,0,0,0.513,0,0.12825,7.184,7.254,6.637,7.071,7.0365,3.90E-08,6.908,7.557,
EPB41L1,0.711,0,0,4.406,1.27925,8.311,8.321,7.501,8.464,8.14925,7.02E-04,6.87,3.154,
LUC7L3,0.206,0.051,0,0,0.06425,6.865,7.574,5.637,7.589,6.91625,5.67E-06,6.852,5.233,
PSMD6,0.654,0.011,0,0,0.16625,7.482,7.13,6.04,7.366,7.0045,1.48E-06,6.838,5.807,
SNAP25,1.158,1.07,0,0,0.557,7.679,8.224,7.253,6.352,7.377,1.07E-05,6.82,4.966,
INA,1.096,0,0,4.788,1.471,8.259,8.293,7.976,8.633,8.29025,9.96E-04,6.819,3.002,
PHYHIP,0.732,0.645,0,0.938,0.57875,7.464,7.734,6.846,7.389,7.35825,3.80E-07,6.78,6.533,
SPTBN1,0,2.307,2.03,3.017,1.8385,8.619,9.083,8.414,8.219,8.58375,5.72E-05,6.745,4.242,
STXBP1,0,2.396,2.712,0.141,1.31225,8.196,8.408,7.815,7.749,8.042,9.72E-05,6.729,4.012,
NEFM,0.248,4.854,2.73,5.8,3.408,10.076,10.384,9.951,10.132,10.13575,1.60E-03,6.728,2.795,
PEA15,1.026,0.281,1.184,1.298,0.94725,7.7,8.186,7.433,7.191,7.6275,7.21E-07,6.68,6.162,
YPEL5,0.647,0,0.115,1.043,0.45125,7.313,7.046,6.575,7.431,7.09125,6.89E-07,6.64,6.187,
RPL19,0,0,0.134,0,0.0335,6.703,8.73,7.543,3.529,6.62625,1.03E-03,6.593,2.985,TRUE
AP2B1,0.812,0.604,0,0,0.354,7.314,6.941,6.658,6.595,6.877,3.86E-07,6.523,6.525,
WDR75,0,0,12.393,0,3.09825,0.283,12.817,12.674,12.709,9.62075,1.88E-01,6.522,0.726,
PIN1,0.447,0,0,0,0.11175,6.763,6.941,6.168,6.465,6.58425,1.05E-07,6.472,7.191,
RABEP1,0.372,0.787,0,1.04,0.54975,7.318,7.569,5.689,7.465,7.01025,1.29E-05,6.46,4.883,
KIAA0513,0.123,0,0,0.489,0.153,6.885,7.049,6.061,6.458,6.61325,3.12E-07,6.46,6.649,
MAPK8IP3,0.916,1.227,0.075,1.365,0.89575,7.646,8.109,5.663,7.927,7.33625,5.36E-05,6.441,4.271,
CCDC113,0.943,0.145,0,0.252,0.335,7.277,7.65,6.454,5.714,6.77375,1.05E-05,6.439,4.971,
DNM2,0.359,0.327,0,0.947,0.40825,6.982,6.765,6.373,7.16,6.82,3.79E-07,6.412,6.536,
3-Sep,1.335,0.021,0.096,0,0.363,6.886,7.496,7.032,5.551,6.74125,1.96E-05,6.379,4.705,
11-Sep,0.433,0,0,0.993,0.3565,7.022,7.587,6.991,5.285,6.72125,2.52E-05,6.365,4.597,
SCRN1,1.034,0.669,5.021,1.479,2.05075,9.097,9.313,8.548,6.692,8.4125,1.59E-03,6.362,2.8,
MYO5A,0.011,0,0,0,0.00275,6.397,6.963,5.567,6.469,6.349,6.37E-07,6.347,6.231,
RUFY3,1.244,0,0,2.271,0.87875,6.946,7.516,6.834,7.458,7.1885,3.43E-05,6.31,4.464,
KIAA1045,0,0.029,0,0.532,0.14025,6.184,6.831,5.728,6.995,6.4345,1.11E-06,6.294,5.941,
RPS26P11,1.465,0,0.634,0.773,0.718,7.267,7.635,6.443,6.64,6.99625,4.58E-06,6.279,5.322,TRUE
NSF,0,0,0,4.012,1.003,7.236,7.517,6.889,7.431,7.26825,8.20E-04,6.265,3.086,
CRMP1,1.382,0,0,1.456,0.7095,7.375,7.428,7.289,5.728,6.955,3.77E-05,6.245,4.422,
WDR1,0.819,0.504,0.67,0,0.49825,6.794,7.345,6.372,6.386,6.72425,7.02E-07,6.226,6.177,
RPL17,0.911,0.386,0.619,0.651,0.64175,7.28,7.516,6.475,6.178,6.86225,1.52E-06,6.221,5.793,TRUE
MAPRE2,0.767,0,2.236,2.554,1.38925,7.448,7.691,7.218,7.984,7.58525,6.18E-05,6.196,4.208,
MTURN,0.614,0,0,0.731,0.33625,6.446,6.811,6.106,6.663,6.5065,3.68E-07,6.17,6.553,
FAF1,0.512,0,0,0,0.128,6.988,6.58,5.753,5.8,6.28025,1.42E-06,6.153,5.824,
HSP90AB1,8.689,2.33,3.417,0,3.609,9.932,10.069,9.339,9.683,9.75575,1.57E-02,6.147,1.803,
RNF126,0,0,0,0,0,6.807,6.777,5.427,5.568,6.14475,3.11E-06,6.145,5.484,
AMPH,0.796,0.285,0.981,0,0.5155,6.949,7.552,6.809,5.287,6.64925,2.55E-05,6.134,4.591,
MYH10,1.669,0,0,0,0.41725,6.771,6.966,6.125,6.32,6.5455,1.10E-05,6.128,4.953,
MYH7B,0,0,0,0,0,6.414,6.505,6.297,5.245,6.11525,8.06E-07,6.115,6.102,
ARHGDIA,1.394,0.169,3.332,0.376,1.31775,7.829,8.56,7.545,5.735,7.41725,6.35E-04,6.1,3.197,
CBR1,1.831,0.997,0.921,0.283,1.008,7.057,7.617,7.753,5.988,7.10375,2.11E-05,6.096,4.674,
PAFAH1B1,0.988,0.967,0,0.19,0.53625,6.834,7.497,6.209,5.883,6.60575,8.87E-06,6.069,5.044,
RNF168,0.014,0.783,0,0,0.19925,6.283,6.636,5.56,6.463,6.2355,1.07E-06,6.036,5.958,
PRKAR2B,1.624,0.438,0,0.74,0.7005,6.797,7.243,6.417,6.424,6.72025,4.86E-06,6.02,5.298,
DSTN,0.457,0.32,0.107,0,0.221,6.675,6.641,5.642,5.71,6.167,1.08E-06,5.946,5.954,
PSMD7,4.928,1.027,0,0.59,1.63625,7.983,7.761,6.649,7.84,7.55825,2.20E-03,5.922,2.658,
CCDC85B,1.603,1.059,0.829,1.316,1.20175,7.361,7.424,6.441,7.114,7.085,7.75E-07,5.883,6.123,
ZIM3,0.69,0.44,1.068,0.412,0.6525,6.453,6.693,6.218,6.736,6.525,1.38E-07,5.872,7.071,
RNPS1,0.674,0,0,0,0.1685,6.323,6.263,5.48,6.015,6.02025,5.24E-07,5.852,6.343,
CSNK1E,0.664,0,0.325,0,0.24725,6.155,6.337,5.345,6.473,6.0775,1.12E-06,5.83,5.934,
RPS16,0.417,0.053,0,0,0.1175,6.279,6.077,5.415,6.019,5.9475,2.28E-07,5.83,6.822,TRUE
RMND5A,0.115,0.436,0.826,0.984,0.59025,6.789,6.411,5.861,6.584,6.41125,8.08E-07,5.821,6.101,
RPS4X,0.452,0.273,0,0.134,0.21475,6.25,6.578,5.313,5.996,6.03425,8.97E-07,5.819,6.047,TRUE
DYNLL2,0,0.055,0,0,0.01375,6.11,6.232,5.391,5.555,5.822,2.05E-07,5.808,6.878,
PTPN20A,2.034,0.298,1.395,0.807,1.1335,2.38,8.234,8.201,8.918,6.93325,1.02E-02,5.8,1.991,
PRKACB,1.04,0,0.271,0.7,0.50275,6.316,6.963,6.653,5.269,6.30025,1.08E-05,5.798,4.963,
HSP90AA1,3.56,1.529,1.996,1.018,2.02575,8.164,8.022,7.501,7.596,7.82075,5.37E-05,5.795,4.269,
TRIM2,0.072,0,0,0,0.018,6.133,6.169,5.794,5.102,5.7995,4.85E-07,5.781,6.389,
YWHAB,3.064,2.284,1.736,0,1.771,7.795,7.925,7.342,7.125,7.54675,1.42E-04,5.776,3.848,
CCDC6,1.875,0.453,1.591,0.926,1.21125,7.404,7.269,6.458,6.799,6.9825,5.67E-06,5.772,5.233,
PSMD4,0.263,0,0,0.212,0.11875,6.333,5.981,5.488,5.73,5.883,1.53E-07,5.764,7.022,
DNAJB2,1.033,1.077,1.101,3.236,1.61175,7.723,7.664,6.603,7.467,7.36425,7.39E-05,5.753,4.131,
RTN4,1.27,0.684,3.338,0.581,1.46825,7.462,7.685,6.86,6.743,7.1875,1.55E-04,5.719,3.809,
ARGLU1,0.499,0.37,0,0,0.21725,5.791,6.373,5.601,5.967,5.933,2.35E-07,5.716,6.806,
AK1,2.527,0.017,0.239,0,0.69575,6.425,6.865,6.013,6.321,6.406,1.08E-04,5.71,3.965,
OTUB1,0,0,0.072,0.316,0.097,5.994,6.338,5.603,5.292,5.80675,4.44E-07,5.709,6.441,
MAP1B,2.588,3.386,1.708,5.065,3.18675,9.28,9.319,8.647,8.3,8.8865,2.82E-04,5.7,3.549,
EIF3C,0.515,0,0,0,0.12875,6.625,6.647,5.413,4.587,5.818,3.37E-05,5.689,4.472,TRUE
RPL35,0,0.977,3.747,0.269,1.24825,7.162,7.722,6.773,6.08,6.93425,8.48E-04,5.686,3.071,TRUE
USP14,4.669,0,0,0,1.16725,7.197,7.381,6.505,6.194,6.81925,3.30E-03,5.652,2.481,
STX1B,0,2.124,1.593,0,0.92925,6.788,7.504,6.809,5.152,6.56325,2.69E-04,5.634,3.57,
OPTN,0.274,0.391,0,0,0.16625,6.219,5.769,5.137,6.073,5.7995,6.68E-07,5.633,6.205,
MAP7D2,0.333,0.804,0,0,0.28425,6.174,6.133,5.462,5.884,5.91325,5.74E-07,5.629,6.291,
TUBB2B,0.717,0,1.084,2.793,1.1485,7.19,6.93,6.032,6.93,6.7705,1.26E-04,5.622,3.901,
H1F0,0,0,0.321,0,0.08025,5.758,7.247,6.275,3.5,5.695,4.12E-04,5.615,3.385,
KNDC1,1.192,0.606,0,11.724,3.3805,11.212,11.422,1.83,11.494,8.9895,1.78E-01,5.609,0.75,
YWHAZ,2.266,1.634,1.953,1.886,1.93475,7.666,7.858,7.213,7.316,7.51325,2.09E-07,5.578,6.869,
GNB2,0.939,0.093,0.158,1.74,0.7325,7.009,6.917,5.114,6.155,6.29875,7.69E-05,5.566,4.114,
RPS8,2.519,0.405,0.095,0.291,0.8275,5.87,8.578,7.371,3.688,6.37675,3.55E-03,5.549,2.45,TRUE
MLF2,1.494,0,0.717,0,0.55275,6.595,5.96,5.363,6.429,6.08675,1.77E-05,5.534,4.749,
RAP1GDS1,1.061,0.859,0.374,0,0.5735,6.56,6.787,5.988,5.078,6.10325,1.75E-05,5.53,4.753,
PIP4K2B,1.838,0.894,2.326,0.158,1.304,6.823,6.838,6.87,6.765,6.824,2.73E-05,5.52,4.562,
EIF4A2,5.132,0.591,0,0,1.43075,7.426,7.878,7.633,4.797,6.9335,8.60E-03,5.503,2.066,TRUE
RPL11,0.54,0.163,0,0.498,0.30025,6.444,6.238,5.415,5.052,5.78725,4.53E-06,5.487,5.327,TRUE
NSFL1C,0.432,0.025,0,0.509,0.2415,6.077,6.431,5.544,4.779,5.70775,7.23E-06,5.466,5.131,
CAMK2G,1.883,0.517,1.072,3.125,1.64925,7.388,6.853,7.196,6.87,7.07675,8.52E-05,5.428,4.069,
CNDP2,0.507,0,0,0.725,0.308,6.305,6.959,5.928,3.733,5.73125,2.90E-04,5.423,3.537,
EVL,0,0,0,0,0,5.166,6.038,4.521,5.85,5.39375,4.23E-06,5.394,5.356,
ATP5C1,0.469,2.148,0.901,1.992,1.3775,6.198,9.919,5.895,5.069,6.77025,3.39E-03,5.393,2.47,
GSN,1.333,0.596,4.269,0,1.5495,6.89,7.468,7.359,5.984,6.92525,1.75E-03,5.376,2.758,
MAPK1,0,0,0,0,0,5.399,6.233,5.487,4.32,5.35975,9.60E-06,5.36,5.011,TRUE
RPS11,1.771,0.035,0.587,1.516,0.97725,6.112,6.793,5.837,6.542,6.321,2.36E-05,5.344,4.625,TRUE
PFKL,1.2,0.867,0,2.441,1.127,6.475,6.645,6.389,6.328,6.45925,4.50E-05,5.332,4.346,
TNIK,0.078,0,0.405,1.104,0.39675,5.769,5.879,5.471,5.779,5.7245,1.00E-06,5.328,5.991,
PTGES3,1.233,0.416,0.146,0,0.44875,6.983,5.064,4.044,7.002,5.77325,4.99E-04,5.325,3.302,
NCDN,0.717,0,0,0.037,0.1885,5.717,6.987,6.02,3.215,5.48475,6.65E-04,5.296,3.177,
NEFL,0,2.099,1.07,3.468,1.65925,7.075,7.142,6.538,7.05,6.95125,4.13E-04,5.292,3.384,
RPS17,0,0.697,0.268,4.418,1.34575,7.011,6.902,6.075,6.445,6.60825,2.50E-03,5.262,2.602,TRUE
ATRIP,0.559,0,0,0,0.13975,5.414,5.383,5.467,5.267,5.38275,4.50E-08,5.243,7.509,
CEP63,0.992,0,0,0,0.248,5.704,5.884,5.338,5.015,5.48525,2.85E-06,5.237,5.522,
PSMD3,6.228,0,0.371,3.873,2.618,8.477,7.677,7.082,8.166,7.8505,1.37E-02,5.232,1.865,
CKB,2.714,2.542,2.518,0.034,1.952,7.241,7.392,6.822,7.277,7.183,2.02E-04,5.231,3.695,
BLOC1S3,0.345,0.006,0.436,0,0.19675,5.193,6.04,4.75,5.701,5.421,2.39E-06,5.224,5.596,
BLVRB,1.469,0.142,0.661,0.142,0.6035,5.869,6.291,5.693,5.432,5.82125,6.77E-06,5.218,5.158,
TAX1BP1,0.514,0.892,0.09,0.194,0.4225,5.764,5.579,5.032,6.131,5.6265,1.88E-06,5.204,5.701,
SRP14,4.746,0,0.302,0.583,1.40775,6.957,6.592,6.307,6.452,6.577,3.75E-03,5.169,2.426,
GAD2,0.216,0,0.483,0,0.17475,5.587,5.344,4.853,5.575,5.33975,3.56E-07,5.165,6.572,
BIN1,1.012,0.682,1.29,1.308,1.073,6.444,7.021,5.695,5.77,6.2325,5.44E-06,5.16,5.25,
5-Sep,5.023,0,0.42,0.72,1.54075,6.357,7.114,7.342,5.982,6.69875,5.36E-03,5.158,2.271,
HERC1,0.784,1.549,0.309,0.43,0.768,6.377,6.198,4.807,6.284,5.9165,3.21E-05,5.148,4.492,
PFKM,0.158,4.485,4.542,3.741,3.2315,8.518,8.933,7.847,8.202,8.375,2.92E-03,5.144,2.534,
RPS27,0,0.274,0,0,0.0685,5.286,5.644,5.06,4.824,5.2035,2.36E-07,5.135,6.805,TRUE
CAP1,2.956,1.656,1.753,2.346,2.17775,7.909,7.061,6.734,7.481,7.29625,1.27E-05,5.118,4.89,
No Gene,0.563,0.249,0.004,0.497,0.32825,0.962,7.143,6.635,7.042,5.4455,1.45E-02,5.117,1.84,
CORO1A,0.61,1.155,0.64,0,0.60125,6.048,6.272,5.522,5.008,5.7125,8.53E-06,5.111,5.061,
NAP1L3,1.186,0.82,0,0.458,0.616,5.839,5.851,5.686,5.456,5.708,1.36E-06,5.092,5.845,
TUBA1A,0,0,0,1.844,0.461,5.773,5.358,5.273,5.789,5.54825,4.17E-05,5.087,4.379,
PSMC3,1.79,0,0,0,0.4475,5.885,5.588,4.886,5.766,5.53125,5.27E-05,5.084,4.277,
MAP7D1,0.471,0,0,0.898,0.34225,5.774,6.427,1.484,7.914,5.39975,1.11E-02,5.058,1.955,
APP,0,0,0,0,0,5.671,5.479,3.096,5.979,5.05625,2.61E-04,5.056,3.583,TRUE
RPS14,0.501,0.165,0.842,2.405,0.97825,6.723,6.83,4.826,5.624,6.00075,3.36E-04,5.023,3.474,TRUE
SNRPD2,0.701,0,0,0.158,0.21475,4.994,5.841,5.216,4.81,5.21525,1.84E-06,5,5.709,
RPL3,4.419,0,2.018,0,1.60925,5.55,9.353,7.398,4.044,6.58625,1.87E-02,4.977,1.729,TRUE
KCMF1,1.031,0.274,0.814,1.149,0.817,6.113,5.869,5.585,5.602,5.79225,6.88E-07,4.975,6.188,
GNAQ,1.666,0,0,0,0.4165,6.158,6.169,4.357,4.851,5.38375,2.05E-04,4.967,3.689,
STX1A,0.436,0,0,0.783,0.30475,6.274,7.599,6.514,0.538,5.23125,2.18E-02,4.926,1.662,
TAOK1,0.138,0,0.581,0,0.17975,4.765,5.052,4.99,5.539,5.0865,5.15E-07,4.907,6.354,
NEFH,1.454,2.146,0,0.363,0.99075,5.743,5.856,5.959,5.901,5.86475,6.39E-05,4.874,4.194,
CLU,0,0,0.048,0,0.012,5.334,5.277,4.558,4.35,4.87975,1.15E-06,4.868,5.925,
SYNE1,1.855,1.322,0.327,1.297,1.20025,6.008,6.451,5.393,6.419,6.06775,1.93E-05,4.867,4.711,
7-Sep,0,0.176,0.695,0.465,0.334,5.195,6.012,5.249,4.267,5.18075,1.62E-05,4.847,4.787,
ADD1,1.069,0,0.758,0,0.45675,6.286,5.679,5.988,3.245,5.2995,6.40E-04,4.843,3.194,
SLC25A12,0.11,0,0,1.883,0.49825,5.553,5.531,4.971,5.226,5.32025,5.81E-05,4.822,4.235,
GSK3B,0.994,0,0,0,0.2485,5.449,5.417,4.211,5.155,5.058,1.52E-05,4.809,4.814,
CACYBP,0.788,0,0,0,0.197,5.528,5.39,5.489,3.587,4.9985,8.23E-05,4.801,4.084,
RPL32,2.56,0,0,2.228,1.197,6.207,6.52,5.817,5.397,5.98525,6.26E-04,4.788,3.203,TRUE
MAP1A,0.57,0,0,0.411,0.24525,5.964,5.237,4.423,4.447,5.01775,1.95E-05,4.773,4.707,
FHL1,1.24,0,0,0,0.31,6.442,6.642,6.228,1.009,5.08025,1.41E-02,4.77,1.85,
CLTA,1.366,0.874,1.11,0.558,0.977,6.634,7.693,6.773,1.872,5.743,1.13E-02,4.766,1.946,
FARSB,1.111,0.167,0,0,0.3195,5.73,6.154,5.311,3.108,5.07575,6.18E-04,4.756,3.209,TRUE
UBE2H,0.157,0,0.095,0.701,0.23825,5.485,5.42,4.762,4.302,4.99225,6.01E-06,4.754,5.208,
CAMK2B,0,0.574,1.725,2.94,1.30975,6.152,6.416,5.547,5.954,6.01725,4.37E-04,4.708,3.36,
GNAZ,0.729,0.705,0,0.982,0.604,4.77,5.884,4.808,5.752,5.3035,1.34E-05,4.7,4.867,
BRK1,0,0,0,0,0,4.787,5.181,3.969,4.759,4.674,1.56E-06,4.674,5.781,
DYNC1H1,7.498,2.35,2.582,1.186,3.404,8.155,8.254,7.759,8.13,8.0745,1.58E-02,4.67,1.801,
ITPRIP,0.73,0.921,0,0,0.41275,5.547,5.067,4.695,4.838,5.03675,5.02E-06,4.624,5.284,
MAPRE3,1.334,0.434,0,1.017,0.69625,5.687,5.693,4.708,5.131,5.30475,1.94E-05,4.609,4.71,
SMARCAD1,0.552,0.248,0.95,0.251,0.50025,7.313,6.079,5.896,1.106,5.0985,1.57E-02,4.598,1.805,
SEC22B,0.844,0.218,0.557,0.018,0.40925,5.078,5.259,4.607,5.078,5.0055,9.97E-07,4.596,5.993,
ATP6V1D,1.533,0.908,0.368,0,0.70225,5.296,6.202,4.112,5.542,5.288,1.61E-04,4.586,3.794,
DNM3,0.624,0.414,0,0,0.2595,5.073,4.59,4.535,5.152,4.8375,8.78E-07,4.578,6.057,
RICTOR,2.091,1.477,1.199,0.65,1.35425,6.595,6.812,3.082,7.218,5.92675,3.85E-03,4.572,2.414,
LANCL2,3.52,3.281,4.407,4.902,4.0275,9.059,8.539,8.185,8.613,8.599,3.53E-05,4.571,4.451,
SH3GL2,1.605,0,1.2,0.47,0.81875,5.422,6.044,5.489,4.564,5.37975,7.05E-05,4.561,4.151,
HUWE1,1.092,0.17,0,0.25,0.378,5.813,5.22,3.962,4.698,4.92325,6.40E-05,4.545,4.193,
SYNJ1,1.041,0.7,0,0,0.43525,6.476,6.927,6.095,0.4,4.9745,2.67E-02,4.539,1.573,
UBR1,1.017,0,0,0,0.25425,5.616,5.796,2.709,5.046,4.79175,9.67E-04,4.538,3.015,
CAMK2A,2.246,1.529,0.267,1.613,1.41375,5.919,6.202,5.554,6.054,5.93225,4.79E-05,4.519,4.319,
ARL8B,0.903,0.091,1.046,0,0.51,5.125,5.162,4.566,5.225,5.0195,6.51E-06,4.509,5.175,
EEF1A2,5.638,4.871,4.188,4.773,4.8675,9.594,9.698,9.757,8.44,9.37225,4.54E-05,4.505,4.342,TRUE
ERCC5,0.203,0.071,0,0,0.0685,4.554,4.703,4.36,4.627,4.561,9.79E-10,4.493,8.429,
TPM1,0.992,0.416,0.159,0.265,0.458,4.906,5.604,4.292,4.93,4.933,9.15E-06,4.475,5.031,
PRDM1,0.487,0.837,0,0.785,0.52725,5.174,4.968,4.254,5.494,4.9725,9.41E-06,4.445,5.019,
NMT1,0.21,0.174,0.414,0.979,0.44425,4.977,4.826,4.628,5.056,4.87175,7.40E-07,4.428,6.148,
FLOT1,0.451,0,0,0,0.11275,4.727,5.46,3.144,4.792,4.53075,1.22E-04,4.418,3.914,
LIN7C,1.12,0,0.794,0,0.4785,4.464,4.935,5.051,5.121,4.89275,8.94E-06,4.414,5.041,
RPL27A,0.801,0.303,0,2.206,0.8275,5.569,5.631,4.813,4.936,5.23725,1.67E-04,4.41,3.777,TRUE
FSCN1,5.042,0.68,0.291,0.173,1.5465,5.656,7.169,5.977,5.016,5.9545,1.26E-02,4.408,1.9,
PALM,0.64,0.197,0.373,1.823,0.75825,4.907,5.934,4.76,5.054,5.16375,6.65E-05,4.405,4.177,
MAP6,1.186,0,0,0.433,0.40475,5.125,4.854,4.379,4.828,4.7965,9.07E-06,4.392,5.035,
UBQLN1,0.458,0.337,0.421,0,0.304,4.983,4.942,4.298,4.559,4.6955,5.51E-07,4.391,6.315,
PAFAH1B3,0.792,0.778,0,0.033,0.40075,5.261,5.47,4.382,4.039,4.788,3.86E-05,4.387,4.412,
FAM49A,0,0,0,0,0,4.437,4.695,4.007,4.35,4.37225,1.28E-07,4.372,7.105,
RPL28,0,0,0,1.468,0.367,5.155,5.767,4.381,3.627,4.7325,3.20E-04,4.366,3.495,TRUE
SDCBP,1.746,0,1.204,1.202,1.038,5.298,6.228,5.733,4.331,5.3975,2.06E-04,4.36,3.685,
GAS8,0.974,0.483,0,0.682,0.53475,4.452,6.141,4.687,4.131,4.85275,1.17E-04,4.318,3.931,
SPTBN2,1.847,0.332,0,1.166,0.83625,5.032,5.8,4.955,4.729,5.129,1.06E-04,4.292,3.976,
GNB5,0.352,0,0.842,1.163,0.58925,5.323,4.838,4.623,4.738,4.8805,7.15E-06,4.291,5.135,
GIGYF2,0.35,0,0.062,0.702,0.2785,4.395,4.594,4.515,4.759,4.56575,4.17E-07,4.287,6.478,TRUE
YWHAQ,4.313,1.417,0,3.567,2.32425,6.827,6.971,6.299,6.343,6.61,5.24E-03,4.286,2.28,
CAMK2D,0.214,1.003,0,0.228,0.36125,4.961,4.551,4.15,4.923,4.64625,5.92E-06,4.285,5.215,
CRIP2,0.015,0.343,0,0.721,0.26975,4.91,5.19,3.239,4.877,4.554,1.04E-04,4.284,3.981,
ATP2B1,0,0.171,1.728,1.413,0.828,5.286,6.344,5.5,3.22,5.0875,1.71E-03,4.26,2.767,
RPS18,2.712,0,1.896,3.666,2.0685,6.447,6.507,5.668,6.641,6.31575,1.92E-03,4.247,2.717,TRUE
CBR3,0,0,0,0,0,4.254,4.62,4.471,3.595,4.235,1.42E-06,4.235,5.824,
PRKCB,0.002,0,0.468,0.885,0.33875,4.577,4.966,4.428,4.313,4.571,2.97E-06,4.232,5.505,
PGRMC1,6.228,0.189,0.643,0,1.765,6.137,6.91,6.088,4.84,5.99375,3.46E-02,4.229,1.461,
TPPP,0,0,2.221,2.327,1.137,5.497,5.839,5.248,4.757,5.33525,9.31E-04,4.198,3.031,
GNAO1,0,1.74,1.749,2.224,1.42825,5.572,6.589,5.475,4.836,5.618,4.65E-04,4.19,3.333,
RPL23,0.633,0.512,0.517,0.95,0.653,5.035,5.243,4.352,4.703,4.83325,1.33E-06,4.18,5.854,TRUE
SPOCK2,0.807,0,0.774,0,0.39525,4.41,4.668,3.912,5.304,4.5735,2.82E-05,4.178,4.548,
UBE2N,0.771,0.846,1.423,1.32,1.09,5.334,5.571,5.476,4.587,5.242,5.47E-06,4.152,5.248,
TUBA4A,1.898,0.656,0.866,2.118,1.3845,5.735,5.471,5.224,5.714,5.536,3.73E-05,4.152,4.428,
PJA2,0.047,0,0,0,0.01175,4.974,3.549,3.543,4.585,4.16275,2.76E-05,4.151,4.558,
RAN,2.594,3.102,3.558,0,2.3135,6.841,6.847,6.506,5.622,6.454,2.74E-03,4.141,2.563,
EMILIN3,4.804,5.292,5.412,5.071,5.14475,5.171,10.684,10.314,10.766,9.23375,2.41E-02,4.089,1.618,
ACOT7,1.166,1.979,0,0.136,0.82025,5.32,6.19,5.105,3.018,4.90825,2.46E-03,4.088,2.61,
FKBP4,3.934,0.14,0.826,0.552,1.363,5.972,5.444,6.146,4.237,5.44975,5.59E-03,4.087,2.252,
TPI1,7.258,4.748,2.749,0,3.68875,8.158,8.902,8.146,5.817,7.75575,5.15E-02,4.067,1.289,
TUBB4A,0.95,0.607,1.667,3.256,1.62,5.496,5.913,5.287,5.897,5.64825,5.71E-04,4.028,3.243,
IDH2,1.667,1.222,1.576,0.652,1.27925,5.19,5.769,5.658,4.579,5.299,2.85E-05,4.02,4.543,
CCDC92,1.499,0.285,0.259,0.382,0.60625,5.25,5.205,4.476,3.554,4.62125,1.93E-04,4.015,3.714,
LRIF1,0.666,0.269,0,0,0.23375,4.372,4.514,3.071,5.034,4.24775,1.05E-04,4.014,3.977,
KIF21A,1.503,0,0.217,0.617,0.58425,4.433,5.5,3.7,4.675,4.577,2.00E-04,3.992,3.698,
DAPK3,0.296,0.453,0,0.068,0.20425,4.24,4.359,3.685,4.408,4.173,9.43E-07,3.969,6.021,TRUE
CCDC152,0,0.333,0,0.206,0.13475,3.984,4.931,4.338,3.051,4.076,6.48E-05,3.941,4.188,
GDAP1,1.046,0.113,0.173,0.209,0.38525,4.726,5.671,4.253,2.605,4.31375,1.16E-03,3.929,2.935,
PGAM1,6.07,1.832,2.162,1.61,2.9185,7.106,7.224,6.675,6.277,6.8205,1.11E-02,3.902,1.954,
COPS4,0,0.256,0,0.245,0.12525,5.011,4.243,3.248,3.536,4.0095,6.88E-05,3.885,4.162,
SGK1,0.927,0,0.057,0.468,0.363,8.037,8.304,0.152,0.426,4.22975,1.42E-01,3.867,0.848,
CNRIP1,0.592,0.098,0.351,0.834,0.46875,4.163,5.026,4.299,3.833,4.33025,1.27E-05,3.862,4.891,
RWDD2A,0,0,2.477,0,0.61925,4.694,5.563,4.801,2.832,4.4725,3.92E-03,3.853,2.406,
RAB6B,0.101,0,0,0.485,0.1465,5.82,5.424,2.285,2.466,3.99875,6.64E-03,3.852,2.178,
AP3S1,0.852,0,0.358,0.413,0.40575,5.387,5.031,3.969,2.615,4.2505,1.01E-03,3.845,2.995,
EPB41L3,0.817,0,0.56,2.185,0.8905,4.811,4.949,4.061,5.107,4.732,3.11E-04,3.842,3.507,
CDK5,0.51,0.012,0.872,0,0.3485,4.464,4.012,3.48,4.776,4.183,3.55E-05,3.835,4.449,
AP3M2,1.3,0.876,0,0,0.544,4.738,4.898,4.106,3.711,4.36325,1.09E-04,3.819,3.96,
CNP,0.495,0,0.066,2.819,0.845,4.208,5.279,5.082,4.044,4.65325,2.05E-03,3.808,2.687,
CADPS,1.323,0,1.092,0.499,0.7285,5.201,5.341,4.26,3.319,4.53025,4.83E-04,3.802,3.316,
RPS23,0.973,0.39,0.117,1.725,0.80125,4.803,5.037,4.073,4.395,4.577,9.95E-05,3.776,4.002,TRUE
CCT8,0,0,0,0,0,4.892,4.88,1.134,4.187,3.77325,5.59E-03,3.773,2.253,
ARRB1,0.126,0.458,0.588,0.423,0.39875,5.993,5.025,5.333,0.335,4.1715,2.71E-02,3.773,1.567,
DMTN,0.469,0,0.171,0.029,0.16725,3.374,4.794,3.568,3.939,3.91875,2.87E-05,3.751,4.54,
MAPK8IP2,0.619,1.003,0,0,0.4055,4.379,4.244,3.209,4.776,4.152,1.04E-04,3.747,3.984,
RPL24,0.739,0,0.099,0.005,0.21075,5.903,6.62,3.107,0.182,3.953,4.46E-02,3.742,1.351,TRUE
RAB8B,0.596,0.964,0,0.121,0.42025,4.714,4.073,3.876,3.983,4.1615,1.36E-05,3.741,4.863,
TUBB3,1.336,1.294,2.601,3.048,2.06975,6.029,6.079,5.577,5.542,5.80675,2.05E-04,3.737,3.687,
PRL,0.582,0.115,0,0.089,0.1965,4.778,4.25,3.21,3.461,3.92475,6.81E-05,3.728,4.166,
RPL8,3.066,0,0,0,0.7665,4.986,7.2,5.478,0.291,4.48875,6.67E-02,3.722,1.176,TRUE
PRKCG,0,0,0,0,0,4.002,4.344,2.501,4.04,3.72175,1.06E-04,3.722,3.974,
VPS35,1.157,0,0,0,0.28925,4.591,4.635,4.249,2.568,4.01075,6.03E-04,3.722,3.219,
TUBB2A,0.423,0.295,1.116,1.885,0.92975,5.082,4.666,4.198,4.641,4.64675,9.83E-05,3.718,4.007,
RHEB,0.538,0,0,0.414,0.238,3.948,4.808,3.151,3.906,3.95325,5.34E-05,3.715,4.272,
EIF4H,0.3,0.586,0,0,0.2215,4.322,4.214,3.53,3.669,3.93375,4.60E-06,3.712,5.321,TRUE
COPS2,3.01,0.488,0,0,0.8745,4.943,5.868,4.202,3.327,4.585,6.22E-03,3.711,2.206,
ARL6IP4,1.923,1.019,0.207,1.539,1.172,5.96,4.703,4.643,4.212,4.8795,4.19E-04,3.708,3.378,
TUBA1B,2.185,0.939,1.333,1.956,1.60325,5.543,5.418,4.966,5.295,5.3055,2.12E-05,3.702,4.671,
FBXO2,1.27,0.469,1.206,1.31,1.06375,6.673,6.039,5.192,1.101,4.75125,2.72E-02,3.687,1.566,
DCLK1,0,3.18,2.663,1.402,1.81125,5.521,5.338,5.118,5.989,5.4915,2.41E-03,3.68,2.618,
SNRPD3,3.141,0,0.31,0,0.86275,4.631,5.384,4.695,3.451,4.54025,5.28E-03,3.677,2.277,
SPATS2,0.647,0.762,0.664,0,0.51825,4.262,4.513,3.669,4.309,4.18825,6.37E-06,3.67,5.184,
ARHGAP1,2.168,0.636,0.69,1.411,1.22625,5.598,5.516,4.766,3.688,4.892,6.74E-04,3.666,3.171,
PDCD6IP,0.568,0.059,0.861,0,0.372,5.008,4.939,5.192,0.977,4.029,1.26E-02,3.657,1.901,
MAPK10,0,0,0,0,0,2.298,7.592,2.194,2.517,3.65025,3.22E-02,3.651,1.492,
GNB1,0.354,0.961,1.8,1.445,1.14,4.869,5.583,4.699,4.002,4.78825,1.92E-04,3.648,3.717,
MYO18A,1.407,4.313,0.772,1.403,1.97375,5.996,5.873,4.653,5.953,5.61875,5.37E-03,3.645,2.27,
RTF1,1.456,0,0,0,0.364,4.2,4.594,3.677,3.548,4.00475,1.62E-04,3.641,3.79,
PIEZO2,0.711,0.637,0,1.098,0.6115,4.641,4.345,4.005,3.984,4.24375,1.17E-05,3.632,4.925,
DNAJC6,1.148,0.706,0,0.518,0.593,4.528,4.346,4.102,3.916,4.223,1.11E-05,3.63,4.95,
SNRPA,1.157,0,0.347,0.817,0.58025,4.444,4.235,4.438,3.68,4.19925,2.46E-05,3.619,4.607,
CRYAB,1.789,1.518,0,4.922,2.05725,5.363,5.995,5.956,5.37,5.671,1.36E-02,3.614,1.865,
ACTB,1.936,0.292,0.628,0.47,0.8315,3.98,4.832,4.698,4.263,4.44325,1.41E-04,3.612,3.85,
TUBB4B,3.159,1.782,1.947,2.876,2.441,6.204,6.183,5.678,6.146,6.05275,5.86E-05,3.611,4.232,
FBXO41,0.426,0,0.859,0.211,0.374,4.976,5.347,1.419,4.198,3.985,7.27E-03,3.611,2.139,
TOLLIP,1.149,0,0,0,0.28725,4.5,3.981,3.205,3.873,3.88975,9.29E-05,3.602,4.032,
DNM1L,0.056,0.522,0.837,0.263,0.4195,4.765,4.197,3.691,3.414,4.01675,4.33E-05,3.597,4.362,
CHMP1A,0,0.545,0,0,0.13625,3.931,3.584,2.986,4.38,3.72025,3.24E-05,3.584,4.489,
SRRM2,0.177,5.173,0,0,1.3375,5.755,5.303,2.426,6.162,4.9115,5.86E-02,3.574,1.232,
CFL1,3.531,1.269,2.165,2.363,2.332,5.747,6.895,5.814,4.98,5.859,1.16E-03,3.527,2.934,
TUBB,6.469,4.135,4.01,5.572,5.0465,8.334,8.709,8.441,8.791,8.56875,1.10E-03,3.522,2.959,
DCAF11,0.877,0,5.656,0,1.63325,4.703,5.258,5.496,5.099,5.139,4.26E-02,3.506,1.37,
SCAI,0,0,0,0.647,0.16175,3.747,3.734,3.762,3.384,3.65675,1.37E-06,3.495,5.84,
MAPK15,1.306,0,0,0.376,0.4205,3.9,4.665,4.022,3.048,3.90875,2.52E-04,3.488,3.599,
VAMP2,0.21,2.53,2.152,3.597,2.12225,5.983,5.984,6.389,4.085,5.61025,7.27E-03,3.488,2.138,
PPP2R1A,6.369,2.845,2.171,0.937,3.0805,6.87,7.124,6.289,5.964,6.56175,2.69E-02,3.481,1.571,
PSMD14,5.08,4.847,4.112,4.637,4.669,8.384,8.387,7.6,8.2,8.14275,1.59E-05,3.474,4.794,
CHMP3,0.903,0,2.812,0,0.92875,4.771,4.571,3.898,4.348,4.397,2.37E-03,3.468,2.626,
KBTBD11,2.094,0.245,1.257,0.829,1.10625,5.057,4.471,4.64,4.108,4.569,2.12E-04,3.463,3.673,
SYN2,0,1.204,1.665,1.22,1.02225,4.009,5.122,4.102,4.696,4.48225,2.32E-04,3.46,3.634,
SACM1L,0.864,0,0,0,0.216,3.775,3.956,3.232,3.62,3.64575,1.30E-05,3.43,4.881,
SOGA3,0.647,0,0,0.289,0.234,4.14,3.754,3.308,3.402,3.651,8.04E-06,3.417,5.086,
HIST1H1E,0,1.88,3.192,0.59,1.4155,4.881,6.899,5.218,2.303,4.82525,2.82E-02,3.41,1.549,
SLC25A22,0,0,1.819,0.666,0.62125,4.518,4.379,3.76,3.436,4.02325,4.91E-04,3.402,3.309,
PREP,0.067,0.035,0,0.973,0.26875,4.461,4.057,3.795,2.354,3.66675,5.84E-04,3.398,3.234,
AK5,0.604,0,0.833,0.101,0.3845,3.416,5.224,1.494,4.963,3.77425,8.49E-03,3.39,2.071,
CSNK1A1,1.508,0.045,0.94,1.207,0.925,4.588,5.163,4.031,3.447,4.30725,4.31E-04,3.382,3.365,
PSMD8,1.181,1.206,0.971,0,0.8395,5.821,5.235,5.069,0.722,4.21175,3.15E-02,3.372,1.501,
EHD3,1.095,1.458,1.436,0.543,1.133,4.77,5.376,3.25,4.616,4.503,5.03E-04,3.37,3.299,
ZACN,1.489,1.432,1.46,0.406,1.19675,2.32,2.407,6.917,6.586,4.5575,4.10E-02,3.36,1.387,
HDGFRP2,0.889,0,0,0,0.22225,5.175,4.709,3.394,0.833,3.52775,1.62E-02,3.306,1.789,
PSTPIP2,1.222,1.111,0,0.044,0.59425,6.194,5.787,1.876,1.735,3.898,3.90E-02,3.304,1.409,
WDR37,0.259,0,0.034,0.829,0.2805,4.124,4.234,4.049,1.914,3.58025,1.38E-03,3.3,2.862,
NAP1L1,4.37,0.196,0.9,0,1.3665,4.747,5.599,4.398,3.906,4.6625,2.25E-02,3.296,1.648,
HNRNPA3,0.602,0.083,0,0,0.17125,3.769,3.409,2.712,3.967,3.46425,4.24E-05,3.293,4.372,
EIF3D,0,0.668,0.187,0,0.21375,5.266,4.919,3.461,0.263,3.47725,2.98E-02,3.264,1.526,TRUE
AKAP12,1.234,0.487,0,0.378,0.52475,3.723,3.368,4.027,4.035,3.78825,3.76E-05,3.263,4.424,
ARC,1.288,0,0,0.294,0.3955,3.998,3.624,2.615,4.35,3.64675,5.24E-04,3.251,3.281,
SFN,2.166,1.009,1.386,1.907,1.617,5.33,5.141,4.188,4.808,4.86675,1.05E-04,3.25,3.98,
GFAP,1.278,1.733,1.997,2.692,1.925,5.546,5.929,5.086,4.116,5.16925,5.74E-04,3.244,3.241,
CHMP1B,0,0,0,0,0,3.286,2.896,3.196,3.565,3.23575,4.69E-07,3.236,6.409,
SIK3,0,0,0,0,0,3.701,3.247,2.847,3.145,3.235,1.64E-06,3.235,5.761,
TOP2B,0.536,0,0.279,0.686,0.37525,3.739,4.043,3.541,3.072,3.59875,1.44E-05,3.223,4.839,
CANX,4.033,0.309,1.233,0,1.39375,4.788,5.282,4.695,3.687,4.613,1.65E-02,3.219,1.782,
SNRPN,2.089,0.176,1.565,0.171,1.00025,4.186,4.8,4.381,3.417,4.196,1.35E-03,3.196,2.869,
LRRC47,1.418,0,0,0.17,0.397,2.405,5.052,3.364,3.532,3.58825,2.60E-03,3.191,2.585,
UBA1,9.096,7.206,4.789,5.46,6.63775,10.172,10.291,9.635,9.157,9.81375,1.91E-02,3.176,1.718,
RAP1GAP,0.993,0.099,0.8,1.151,0.76075,4.381,4.487,1.526,5.292,3.9215,1.02E-02,3.161,1.992,
TBCE,1.323,0,0,0,0.33075,3.407,3.864,3.707,2.897,3.46875,2.06E-04,3.138,3.685,
TPM4,0.79,0,0,0.413,0.30075,3.405,3.702,3.291,3.2,3.3995,7.64E-06,3.098,5.107,
AP3D1,0,0,0,0.846,0.2115,3.366,3.875,2.927,3.028,3.299,4.97E-05,3.088,4.303,
RCN2,0.341,0,0.754,0.576,0.41775,3.726,4.259,3.972,1.992,3.48725,1.23E-03,3.069,2.911,
CSRP1,0.453,0,0.74,0.652,0.46125,3.72,4.101,4.049,2.236,3.5265,6.09E-04,3.065,3.215,
ADD3,1.848,0.501,1.319,0,0.917,4.427,5.049,4.19,2.256,3.9805,5.72E-03,3.063,2.242,
PGAM5,2.767,3.84,3.092,3.885,3.396,6.95,6.589,6.489,5.791,6.45475,1.66E-04,3.059,3.78,
GSTM3,0.743,4.377,2.562,0.006,1.922,4.863,5.151,4.747,5.057,4.9545,2.15E-02,3.032,1.667,
CLTC,5.252,1.832,3.55,0.773,2.85175,6.275,7.625,6.62,3.003,5.88075,7.43E-02,3.029,1.129,
FAM208A,3.775,0,0.014,0,0.94725,1.625,4.961,4.78,4.47,3.959,4.94E-02,3.012,1.306,
HK1,0,1.064,0,0,0.266,3.786,4.178,3.063,2.045,3.268,1.42E-03,3.002,2.849,
LOC102724023,0.553,0,1.019,0.192,0.441,2.716,5.088,4.637,1.327,3.442,1.58E-02,3.001,1.801,
RPL26,0,0,1.661,0,0.41525,4.038,5.173,4.451,0,3.4155,5.11E-02,3,1.291,TRUE
STXBP2,0.751,0.675,0.596,0.213,0.55875,1.729,5.823,1.261,5.362,3.54375,4.68E-02,2.985,1.329,
GPC1,0.851,0.517,0.197,0,0.39125,4.719,4.306,0.63,3.845,3.375,2.01E-02,2.984,1.697,
MYL6,5.853,0.983,1.361,0.489,2.1715,5.209,5.495,5.226,4.683,5.15325,5.46E-02,2.982,1.263,
ENO2,0,0.216,0,0.178,0.0985,3.359,4.528,3.49,0.823,3.05,9.62E-03,2.952,2.017,
CSNK2B,0.389,0,0.425,0.303,0.27925,2.931,4.194,2.497,3.296,3.2295,2.17E-04,2.95,3.663,
OR2W6P,1.513,0.36,0.35,0.32,0.63575,1.201,2.01,5.279,5.786,3.569,4.84E-02,2.933,1.315,
MYH9,0.176,0.621,0,0,0.19925,3.671,3.561,2.366,2.916,3.1285,1.29E-04,2.929,3.889,
COPS3,0,0,0.714,0,0.1785,1.736,4.059,3.555,3.072,3.1055,1.48E-03,2.927,2.829,
WDR64,0.371,1.166,0.148,0.502,0.54675,3.99,3.926,1.911,3.994,3.45525,2.02E-03,2.908,2.695,
SLC25A11,1.281,1.619,1.674,0.4,1.2435,4.497,5.842,5.301,0.959,4.14975,4.32E-02,2.906,1.364,
CDKL1,0,0.073,0.453,0,0.1315,5.054,5.793,0,1.295,3.0355,8.61E-02,2.904,1.065,
FKBP1A,0.902,0,0.082,0,0.246,3.251,4.315,3.683,1.347,3.149,5.12E-03,2.903,2.291,
CDC37,1.023,0,0,3.367,1.0975,5.305,5.587,4.387,0.707,3.9965,8.00E-02,2.899,1.097,
RANBP1,0.215,0,0,0,0.05375,3.028,2.868,2.43,3.437,2.94075,1.04E-05,2.887,4.977,
PHYHIPL,0.981,0,0,0.055,0.259,3.713,3.285,3.608,1.953,3.13975,8.82E-04,2.881,3.054,
HSP90AB2P,1.968,0.214,0.268,0,0.6125,4.74,0.63,3.982,4.581,3.48325,3.60E-02,2.871,1.443,
CLASP2,0,0,0,0,0,3.236,3.331,2.212,2.68,2.86475,3.36E-05,2.864,4.472,
EIF3M,0.302,0.463,0.567,0.485,0.45425,3.348,4.478,3.494,1.927,3.31175,1.65E-03,2.858,2.783,TRUE
NPLOC4,0.748,0,0.183,0,0.23275,3.172,3.858,2.593,2.734,3.08925,1.42E-04,2.857,3.847,
HIST1H1D,0.181,0,0,0,0.04525,3.512,4.971,3.042,0,2.88125,3.50E-02,2.836,1.456,
TSNARE1,1.047,0,0.499,0,0.3865,5.574,5.018,0.97,1.222,3.196,6.47E-02,2.81,1.189,
PYGB,0,1.267,0,0,0.31675,3.035,3.199,3.067,3.2,3.12525,1.20E-04,2.808,3.919,
MIA2,4.3,1.062,0.408,4.865,2.65875,5.599,5.719,5.163,5.38,5.46525,4.78E-02,2.806,1.321,
UBE2O,0.659,0.286,0,0.766,0.42775,4.031,4.169,3.39,1.325,3.22875,6.22E-03,2.801,2.206,
DYNC1LI2,1.202,0.965,0.858,0.948,0.99325,3.708,3.777,3.565,4.108,3.7895,8.76E-07,2.796,6.059,
RASGRP4,2.754,2.882,0.842,0,1.6195,3.697,4.701,5.013,4.235,4.4115,1.09E-02,2.792,1.961,
LASP1,0.683,0,0,0.09,0.19325,3.416,4.423,3.361,0.726,2.9815,1.36E-02,2.788,1.867,
RPL21,0.215,0,0,2.086,0.57525,3.534,4.459,2.358,3.1,3.36275,5.93E-03,2.787,2.227,TRUE
ATIC,3.498,0,0,0.467,0.99125,2.419,4.912,4.106,3.674,3.77775,3.06E-02,2.786,1.514,
OXR1,0.163,0.218,0.555,0.083,0.25475,2.513,4.04,3.609,1.981,3.03575,1.25E-03,2.781,2.902,
EMD,0.739,0,0,0.212,0.23775,1.353,4.345,2.987,3.362,3.01175,5.15E-03,2.774,2.289,
PNMAL2,1.581,0,0.221,0.632,0.6085,4.744,1.495,3.003,4.278,3.38,1.40E-02,2.771,1.855,
ATP5F1,1.346,3.197,0.206,0.93,1.41975,4.424,4.312,4.361,3.661,4.1895,5.78E-03,2.769,2.238,
PNN,0,0.089,0,0,0.02225,2.244,4.794,0.021,4.106,2.79125,4.12E-02,2.769,1.385,
HSPB1,0,1.176,3.684,4.765,2.40625,5.186,5.116,5.369,5.029,5.175,4.57E-02,2.769,1.34,TRUE
COL1A1,0.748,0,0,0.286,0.2585,4.939,0.655,5.41,1.098,3.0255,7.05E-02,2.767,1.152,
EPS15L1,0.478,0.237,0,0,0.17875,3.533,3.491,0,4.746,2.9425,3.63E-02,2.764,1.44,
PHGDH,3.227,0,0,0.357,0.896,2.701,5.545,5.165,1.173,3.646,7.86E-02,2.75,1.104,
RPS3A,5.022,2.66,2.337,0,2.50475,5.711,6.717,5.43,3.154,5.253,7.42E-02,2.748,1.13,TRUE
AP2S1,1.351,0.198,0.749,0.812,0.7775,4.871,4.481,0.677,3.92,3.48725,3.33E-02,2.71,1.478,
ZZEF1,0.557,1.353,0.79,0,0.675,1.441,4.604,3.921,3.535,3.37525,1.05E-02,2.7,1.978,
RPL13,3.921,0.289,0.816,4.396,2.3555,6.261,3.655,5.597,4.701,5.0535,6.45E-02,2.698,1.191,TRUE
POLR1C,5.139,3.472,0.111,0,2.1805,6.014,1.673,5.95,5.84,4.86925,1.57E-01,2.689,0.805,
RTN1,0.759,0.233,0,1.242,0.5585,4.889,5.221,1.528,1.348,3.2465,4.77E-02,2.688,1.321,
RPL29,0,0,0.755,0,0.18875,3.021,4.464,3.036,0.974,2.87375,1.11E-02,2.685,1.953,TRUE
SUB1,1.835,0,0.675,0.583,0.77325,4.11,3.391,3.221,3.106,3.457,9.44E-04,2.684,3.025,
PGAP1,0.199,0,0.193,2.29,0.6705,3.149,3.71,3.353,3.201,3.35325,2.94E-03,2.683,2.532,
RTCA,1.104,0,0,0.52,0.406,3.94,4.376,3.437,0.563,3.079,2.49E-02,2.673,1.603,
PIP5K1C,0,0,0.113,0,0.02825,3.393,2.997,0.459,3.927,2.694,1.34E-02,2.666,1.873,
RPS25,2.631,2.365,0,3.216,2.053,5.275,4.225,4.36,5.002,4.7155,1.21E-02,2.663,1.917,TRUE
PPP2R2A,1.466,0.723,0.297,3.546,1.508,4.23,4.551,4.349,3.538,4.167,1.24E-02,2.659,1.907,
PGK1,3.08,1.308,0,0,1.097,1.112,5.402,5.203,3.289,3.7515,7.57E-02,2.655,1.121,
KIAA1598,0.551,0.082,0.409,0,0.2605,2.97,2.818,2.337,3.534,2.91475,7.74E-05,2.654,4.111,
PRPS2,0.477,0.721,0,0.506,0.426,2.954,3.133,2.983,3.201,3.06775,3.36E-06,2.642,5.453,
STRAP,1.509,0.248,0,0,0.43925,3.604,4.061,0.743,3.882,3.0725,2.23E-02,2.633,1.651,
EIF3E,1.312,0,0,0.259,0.39275,4.062,4.276,2.299,1.451,3.022,1.30E-02,2.629,1.886,TRUE
RBM25,1.233,1.342,1.27,0.336,1.04525,4.328,3.959,2.314,4.071,3.668,2.26E-03,2.623,2.646,
PPP1R12A,0.148,0,0,0,0.037,2.792,2.905,2.296,2.605,2.6495,1.34E-06,2.612,5.852,
BRCA2,0.7,0.26,0,0.346,0.3265,5.472,0.03,0.884,5.23,2.904,1.22E-01,2.577,0.914,
MT1M,3.647,0.607,0.643,0,1.22425,1.136,5.208,4.965,3.88,3.79725,8.38E-02,2.573,1.077,
STUB1,0.637,0,0,0,0.15925,2.8,3.458,1.97,2.622,2.7125,3.13E-04,2.553,3.505,
RPL15,1.368,0,0,0.664,0.508,1.707,5.192,3.444,1.87,3.05325,2.72E-02,2.545,1.565,TRUE
SPTBN4,1.367,0.269,1.328,0.016,0.745,4.11,1.211,4.057,3.759,3.28425,1.73E-02,2.539,1.762,
MAPT,1.423,4.81,5.405,1.518,3.289,6.706,7.184,7.245,2.169,5.826,1.68E-01,2.537,0.775,
CCDC15,0.056,0,0,0,0.014,0.352,4.831,4.329,0.641,2.53825,7.71E-02,2.525,1.113,
RPL31,0.792,0,1.809,0,0.65025,3.61,4.419,3.829,0.792,3.1625,3.35E-02,2.512,1.475,TRUE
MPP6,1.493,0.705,0,0.761,0.73975,2.788,4.469,1.184,4.508,3.23725,2.60E-02,2.497,1.585,
CSTB,1.561,0.148,0.557,0,0.5665,3.495,4.426,3.615,0.63,3.0415,3.35E-02,2.475,1.475,
RPL36AL,0.765,0,1.232,0.164,0.54025,3.649,4.118,3.172,1.081,3.005,1.47E-02,2.465,1.833,TRUE
RPL6,4.207,0,2.424,0.414,1.76125,3.162,7.483,4.92,1.324,4.22225,1.82E-01,2.461,0.739,TRUE
IGLV3-9,1.415,0,0.086,0.657,0.5395,2.987,3.422,3.724,1.76,2.97325,4.12E-03,2.434,2.386,
RRBP1,11.659,11.26,12.46,5.943,10.3305,11.966,13.016,13.202,12.855,12.75975,1.58E-01,2.43,0.8,TRUE
CCDC177,0.119,0.302,0.549,0,0.2425,3.537,2.6,0.562,3.981,2.67,1.96E-02,2.428,1.707,
CRP,1.444,0,0,0,0.361,3.092,2.939,2.337,2.786,2.7885,8.62E-04,2.427,3.064,
AP2A2,0.794,0.036,0,0.171,0.25025,3.631,3.067,2.838,1.094,2.6575,5.89E-03,2.407,2.23,
PDIA3,1.41,0.512,0,0,0.4805,3.191,3.799,3.385,1.154,2.88225,1.21E-02,2.402,1.916,
PPP2R4,0.826,0.165,0.989,0.47,0.6125,3.873,4.431,2.043,1.669,3.004,1.43E-02,2.392,1.843,
MGEA5,0,0,0.493,0,0.12325,3.149,3.968,2.338,0.558,2.50325,1.81E-02,2.38,1.741,
PPIA,2.589,0.562,0,0.971,1.0305,3.3,4.955,3.294,2.051,3.4,2.71E-02,2.37,1.567,
GPS1,0.281,0.226,0,0,0.12675,3.693,4.179,1.627,0.423,2.4805,3.75E-02,2.353,1.426,
PDE4DIP,1.179,0.837,0,0,0.504,4.275,5.116,0.929,1.102,2.8555,8.01E-02,2.351,1.097,
ACTA1,0.68,0,0,0,0.17,2.769,3.185,2.85,1.262,2.5165,2.22E-03,2.347,2.653,
MADD,0.49,0,0.773,0,0.31575,2.123,4.175,0.421,3.927,2.6615,3.98E-02,2.346,1.401,
PAK3,0,0.018,0,0,0.0045,2.451,2.994,2.725,1.208,2.3445,1.03E-03,2.34,2.988,
UBTF,0,0,0,0,0,2.166,2.92,1.581,2.601,2.317,2.05E-04,2.317,3.688,
ARL11,1.209,0.7,0.908,8.593,2.8525,1.399,1.782,8.989,8.481,5.16275,4.44E-01,2.31,0.353,
AARS,5.29,4.752,5.706,4.658,5.1015,7.433,7.616,7.063,7.527,7.40975,1.51E-04,2.308,3.822,TRUE
KRT79,0.025,0,3.596,0.173,0.9485,1.297,3.805,3.86,4.062,3.256,8.07E-02,2.307,1.093,
PIP4K2A,0.997,0.352,0,0.211,0.39,3.722,4.564,1.004,1.497,2.69675,4.03E-02,2.307,1.395,
ATP2A2,4.983,3.617,0.556,1.609,2.69125,4.913,6.588,5.705,2.726,4.983,1.26E-01,2.292,0.898,
VPS26B,1.308,0.163,0.923,0.89,0.821,3.715,3.802,3.326,1.568,3.10275,7.33E-03,2.282,2.135,
PRDX5,6.243,0,3.971,0.828,2.7605,5.349,5.676,4.879,4.203,5.02675,1.76E-01,2.267,0.755,
EIF3A,0.58,0.676,0.419,0.776,0.61275,4.822,4.36,0.929,1.305,2.854,6.89E-02,2.241,1.162,TRUE
DDX46,0.341,4.115,5.213,0.024,2.42325,4.691,4.864,4.85,4.245,4.6625,1.41E-01,2.239,0.85,
VARS,2.902,2.215,0,0.248,1.34125,4.295,4.293,3.012,2.699,3.57475,3.64E-02,2.234,1.439,TRUE
AKAP5,0.285,0,0.991,0.429,0.42625,0.627,3.352,4.011,2.614,2.651,2.66E-02,2.225,1.575,
CPSF7,3.859,2.638,1.017,0,1.8785,4.659,4.399,4.099,3.233,4.0975,5.04E-02,2.219,1.297,
SERPINB3,0.46,1.114,2.967,0,1.13525,2.439,2.885,4.054,4.038,3.354,2.80E-02,2.219,1.553,
SDC4,0.86,0.503,0,0.439,0.4505,2.464,2.512,2.241,3.457,2.6685,4.62E-04,2.218,3.335,
DPYSL2,2.886,3.383,3.579,3.816,3.416,5.681,6.105,5.859,4.886,5.63275,5.26E-04,2.217,3.279,
RPL10,6.573,0.213,3.029,0,2.45375,5.1,5.275,4.188,4.119,4.6705,2.07E-01,2.217,0.685,TRUE
ACTG1,2.13,0.865,1.405,1.38,1.445,3.643,4.046,3.456,3.404,3.63725,3.24E-04,2.192,3.49,
SYT1,0,1.622,1.364,2.973,1.48975,4.305,3.2,3.459,3.753,3.67925,1.54E-02,2.19,1.812,
PACS1,1.534,0,0,0.183,0.42925,3.388,0.902,2.444,3.696,2.6075,2.44E-02,2.178,1.613,
PPP3CA,0.619,3.569,3.841,3.027,2.764,3.836,5.965,5.519,4.429,4.93725,4.89E-02,2.173,1.31,
JAKMIP1,2.034,0.032,0,0.889,0.73875,3.174,3.821,3.488,1.128,2.90275,3.10E-02,2.164,1.508,TRUE
PLEC,1.16,1.032,0.449,0.95,0.89775,4.623,2.818,0.491,4.309,3.06025,6.42E-02,2.162,1.192,
YARS,1.065,1.66,0.477,0.504,0.9265,3.088,4.823,3,1.409,3.08,2.86E-02,2.154,1.544,TRUE
SPRR1A,0.29,0.023,3.238,0.242,0.94825,0.63,4.577,3.518,3.666,3.09775,1.10E-01,2.149,0.958,
MAP2,1.651,1.9,0,2.823,1.5935,4.072,3.728,3.022,4.129,3.73775,1.55E-02,2.144,1.81,
BRD2,0,0,0,0.214,0.0535,0.75,3.956,1.58,2.411,2.17425,2.13E-02,2.121,1.671,
IPO9,4.318,2.197,0,2.861,2.344,4.134,4.962,4.281,4.443,4.455,6.07E-02,2.111,1.217,
ATP5A1,1.733,1.617,0.879,0.656,1.22125,3.819,3.468,3.624,2.417,3.332,2.16E-03,2.111,2.665,
ARF4,0.332,0.428,0.987,1.173,0.73,1.947,4.862,3.412,1.129,2.8375,4.77E-02,2.107,1.321,
SNAP91,0.12,0,0.304,0.409,0.20825,3.516,4.119,1.168,0.441,2.311,5.72E-02,2.103,1.242,
PPP2CB,1.962,0.802,0.288,0.948,1,2.431,4.389,1.779,3.793,3.098,2.35E-02,2.098,1.628,
AP2A1,0.857,0.079,0.645,0.004,0.39625,2.814,2.944,2.505,1.684,2.48675,1.02E-03,2.091,2.99,
PDHA1,2.154,0.02,0.282,1.006,0.8655,4.689,4.873,0.879,1.375,2.954,1.23E-01,2.089,0.911,
ARIH1,0.717,0,0,0.933,0.4125,2.937,3.705,1.551,1.785,2.4945,9.85E-03,2.082,2.007,
SLC25A4,1.992,1.046,0.703,0.619,1.09,2.933,3.431,3.231,3.006,3.15025,8.37E-04,2.06,3.077,
PDE1B,0.599,0.483,0.369,0,0.36275,1.737,3.434,1.41,3.092,2.41825,7.11E-03,2.055,2.148,
AP1M1,0.337,0.908,0,0.691,0.484,3.311,2.669,2.304,1.862,2.5365,1.37E-03,2.052,2.864,
RPS20,0,1.054,0,0,0.2635,2.392,2.317,2.377,2.143,2.30725,2.74E-04,2.044,3.561,TRUE
PIP4K2C,0.481,0.49,0,0,0.24275,2.332,3.702,0.578,2.509,2.28025,2.13E-02,2.037,1.671,
CRYM,0.905,0,0.306,0.178,0.34725,3.382,3.699,1.686,0.73,2.37425,3.23E-02,2.027,1.491,
DCTN1,0,0,0,1.729,0.43225,2.728,3.471,2.863,0.756,2.4545,3.25E-02,2.022,1.488,
TOM1,0.085,0,0,0.122,0.05175,0.667,4.913,0.257,2.454,2.07275,1.05E-01,2.021,0.978,
USP25,0,0,0,0,0,1.971,2.481,0.698,2.91,2.015,5.64E-03,2.015,2.249,
HP1BP3,0.347,0.578,0,0,0.23125,1.947,3.687,2.851,0.481,2.2415,2.84E-02,2.01,1.546,
CCT5,6.9,0.234,1.525,0,2.16475,4.577,4.312,3.897,3.826,4.153,2.67E-01,1.988,0.574,
IGJ,0,0,4.82,4.032,2.213,2.812,3.777,5.102,5.102,4.19825,2.07E-01,1.985,0.684,
FCGBP,1.061,0.404,0.293,5.053,1.70275,1.981,2.96,6.855,2.948,3.686,2.52E-01,1.983,0.599,
TSSK3,0.172,0.74,0,2.825,0.93425,1.523,4.769,0.348,4.967,2.90175,1.90E-01,1.967,0.722,
ARHGAP11A,4.007,0,3.78,5.181,3.242,5.262,5.515,4.754,5.286,5.20425,1.35E-01,1.962,0.871,
AP1B1,1.009,0.891,0.579,0,0.61975,2.769,2.786,3.222,1.541,2.5795,3.70E-03,1.96,2.432,
EIF2B3,0.437,1.132,1.53,1.544,1.16075,4.111,4.111,0,4.259,3.12025,1.17E-01,1.96,0.93,TRUE
PFDN1,0,0.313,0,0,0.07825,2.319,2.366,0.601,2.864,2.0375,7.86E-03,1.959,2.105,
VPS18,0.622,0,3.102,1.154,1.2195,2.014,2.466,4.637,3.564,3.17025,7.12E-02,1.951,1.148,
UQCRC2,2.209,1.917,0,2.965,1.77275,3.668,4.54,4.232,2.411,3.71275,4.88E-02,1.939,1.312,
CFAP58,0.657,1.176,1.015,1.045,0.97325,4.809,3.967,1.767,1.104,2.91175,7.15E-02,1.938,1.145,
AHSA1,4.099,0.026,0.094,0,1.05475,3.428,2.761,1.989,3.764,2.9855,1.26E-01,1.931,0.899,
PLAA,0,0.579,0.219,0,0.1995,3.308,4.045,0.498,0.628,2.11975,8.24E-02,1.92,1.084,
KIAA1683,0,3.582,0,3.645,1.80675,3.586,4.029,3.663,3.61,3.722,1.18E-01,1.915,0.93,
ZC2HC1A,0.58,0.75,0.358,0.357,0.51125,4.025,0.934,0.696,4.03,2.42125,8.67E-02,1.91,1.062,
SLC25A3,8.787,6.682,3.748,0.253,4.8675,6.951,7.199,6.521,6.415,6.7715,3.46E-01,1.904,0.461,
RTN1,1.221,0.836,0.361,0.085,0.62575,2.674,3.398,2.048,1.992,2.528,3.71E-03,1.902,2.43,
CSDE1,0.358,1.099,0.416,0.193,0.5165,3.181,1.395,1.713,3.353,2.4105,1.26E-02,1.894,1.901,
IDH3G,2.326,0.142,0,0,0.617,3.191,2.796,0.208,3.823,2.5045,1.02E-01,1.887,0.992,
APPL1,0,0,0,0.719,0.17975,0.887,3.641,1.041,2.671,2.06,3.40E-02,1.88,1.469,
ABHD10,2.231,0,3.052,3.004,2.07175,4.472,3.628,3.231,4.476,3.95175,5.27E-02,1.88,1.278,
SLC25A5,1.462,0,0,0,0.3655,2.776,2.332,2.324,1.542,2.2435,5.65E-03,1.878,2.248,
CLTB,0,0,2.567,0,0.64175,2.31,3.775,3.07,0.917,2.518,7.87E-02,1.876,1.104,
EIF5,1.615,1.469,1.815,1.4,1.57475,3.718,3.415,3.089,3.575,3.44925,2.62E-05,1.875,4.58,TRUE
TPM1,0,0,1.152,0,0.288,2.253,2.151,1.784,2.428,2.154,1.09E-03,1.866,2.963,
ATP6V1A,0.151,0,0,0,0.03775,2.828,2.37,0,2.394,1.898,2.75E-02,1.86,1.561,
PHPT1,3.48,0,0.458,0,0.9845,3.92,3.782,3.664,0,2.8415,1.93E-01,1.857,0.715,
CISD1,1,0,0,0.063,0.26575,3.065,3.754,0.866,0.79,2.11875,5.91E-02,1.853,1.228,
TGM1,1.325,4.363,3.316,0.741,2.43625,3.565,4.725,4.871,3.961,4.2805,8.68E-02,1.844,1.062,
BPIFB4,0.552,0,0,0.21,0.1905,4.296,0,3.668,0.174,2.0345,1.57E-01,1.844,0.805,
NECAP1,0.88,0.131,0.094,0.694,0.44975,1.631,3.237,3.094,1.179,2.28525,1.62E-02,1.835,1.791,
IGLV6-57,0,0,4.012,0.168,1.045,1.327,3.399,2.75,4.028,2.876,1.61E-01,1.831,0.792,
ATP8A1,0.72,0.79,0,0.214,0.431,1.592,3.466,2.701,1.235,2.2485,1.59E-02,1.818,1.798,
RPL18,0.648,0,0.179,0,0.20675,0.282,4.461,2.102,1.246,2.02275,9.21E-02,1.816,1.036,TRUE
6-Sep,0.82,0.712,1.056,0,0.647,4.138,1.311,3.334,1.021,2.451,6.38E-02,1.804,1.195,
SBF1,0,0,0.134,0,0.0335,1.657,3.804,1.836,0,1.82425,6.13E-02,1.791,1.213,
ZNF433,0,0,1.357,0,0.33925,1.713,3.973,0.164,2.658,2.127,8.59E-02,1.787,1.066,
TUBB8,7.967,3.575,2.526,3.573,4.41025,6.099,6.279,5.923,6.461,6.1905,1.94E-01,1.78,0.713,
K1C10_MOUSE,0,0,0,0.173,0.04325,1.398,0.733,2.64,2.497,1.817,8.21E-03,1.774,2.086,
NRD1,1.253,0,6.935,6.992,3.795,1.602,6.841,6.94,6.833,5.554,4.68E-01,1.759,0.33,
CCDC91,1.063,0.091,0,0.49,0.411,3.199,1.051,0.782,3.597,2.15725,6.20E-02,1.746,1.208,
CCT3,4.314,0,0,0.079,1.09825,3.018,3.852,3.266,1.231,2.84175,2.00E-01,1.743,0.698,
EIF2B5,0,0,0,0,0,2.378,2.555,0,1.946,1.71975,2.64E-02,1.72,1.579,TRUE
ATP5O,0.519,0.233,0.001,0,0.18825,2.178,2.112,2.23,1.101,1.90525,1.15E-03,1.717,2.938,
KATNAL2,1.513,0,0.202,0,0.42875,3.216,3.542,0.768,1.025,2.13775,7.90E-02,1.709,1.102,
SRP9,0,0,0,0,0,3.37,0.261,2.807,0.376,1.7035,7.96E-02,1.703,1.099,TRUE
RPL4,1.138,0,0.82,0.6,0.6395,1.656,4.927,0.869,1.918,2.3425,1.14E-01,1.703,0.943,TRUE
ARL3,2.254,0.675,0.086,1.084,1.02475,3.168,3.135,2.309,2.294,2.7265,1.70E-02,1.702,1.771,
TBC1D10B,1.368,0.177,0,0,0.38625,1.701,2.092,1.572,2.972,2.08425,9.86E-03,1.698,2.006,
GLI2,0.77,0.242,0.436,0,0.362,3.452,3.888,0,0.876,2.054,1.31E-01,1.692,0.883,
TIAM2,1.253,0,0,0,0.31325,3.27,1.638,0.262,2.773,1.98575,6.40E-02,1.673,1.194,
TPP1,0.391,2.711,2.513,0,1.40375,1.07,4.204,3.991,3.036,3.07525,1.47E-01,1.671,0.834,
NECAB1,1.159,1.173,1.367,0.998,1.17425,3.354,4.804,1.694,1.493,2.83625,7.74E-02,1.662,1.111,
ATP5J2,3.281,2.361,3.161,0.448,2.31275,3.994,4.051,4.099,3.749,3.97325,4.53E-02,1.66,1.344,
HSPA2,1.434,3.068,0.46,4.325,2.32175,3.992,5.186,5.362,1.371,3.97775,2.36E-01,1.656,0.627,
TBK1,0.672,0,0,0,0.168,2.932,1.695,0.45,2.213,1.8225,2.37E-02,1.654,1.626,
FSD1,0.503,0.363,0.976,0,0.4605,2.079,2.97,0.391,2.995,2.10875,4.28E-02,1.648,1.369,
SLC1A3,0,0,0.64,0,0.16,1.955,2.304,1.675,1.237,1.79275,1.05E-03,1.633,2.98,
KRT3,4.048,0.954,0.425,0.635,1.5155,1.306,5.745,0.639,4.897,3.14675,3.28E-01,1.632,0.484,
OPALIN,1.37,0.262,1.105,3.006,1.43575,0.805,5.267,5.597,0.566,3.05875,3.17E-01,1.623,0.499,
KIF5B,1.185,0.359,0.977,0.77,0.82275,3.25,3.321,1.566,1.64,2.44425,2.02E-02,1.622,1.695,
TBCD,0.815,0,0,0,0.20375,2.511,2.43,0.94,1.408,1.82225,1.00E-02,1.619,1.998,
RPL27,1.19,0,0,0.643,0.45825,3.544,3.431,0.346,0.985,2.0765,1.13E-01,1.618,0.945,TRUE
HNRNPA1,5.444,2.636,0.821,0.335,2.309,3.971,3.764,3.664,4.192,3.89775,2.21E-01,1.589,0.656,
TTC12,0.055,0.259,6.301,6.125,3.185,5.634,6.58,0.655,6.172,4.76025,5.06E-01,1.575,0.296,
8-Sep,0.026,0.002,0,0,0.007,1.827,4.032,0.441,0.008,1.577,1.34E-01,1.57,0.874,
KRT6B,0,2.354,2.336,2.625,1.82875,2.897,3.876,3.137,3.663,3.39325,5.38E-02,1.564,1.269,
ATP2B3,0,0,0,0.286,0.0715,1.481,2.67,2.033,0.351,1.63375,2.00E-02,1.562,1.699,
DBNL,0,0,0,0,0,2.964,2.822,0.171,0.277,1.5585,8.98E-02,1.559,1.047,
SPOCK1,0.977,0,1.353,1.153,0.87075,2.927,2.848,1.316,2.593,2.421,1.80E-02,1.55,1.744,
PCBP2,6.12,0.457,0.917,0,1.8735,3.9,3.441,3.009,3.318,3.417,3.25E-01,1.544,0.488,
SOGA1,4.303,4.142,4.42,0.525,3.3475,4.809,5.153,4.694,4.899,4.88875,1.55E-01,1.541,0.81,
EEF1A1P5,5.669,1.88,2.261,2.915,3.18125,4.813,5.104,4.452,4.511,4.72,1.27E-01,1.539,0.896,TRUE
SNX1,0.003,0.201,0,0,0.051,2.498,2.121,0,1.685,1.576,3.30E-02,1.525,1.481,
SLC12A5,3.613,3.602,3.951,3.553,3.67975,5.518,5.479,4.736,5.079,5.203,3.13E-04,1.523,3.505,
VCAN,0,0,0,0,0,0,2.207,3.042,0.806,1.51375,6.87E-02,1.514,1.163,
GRIPAP1,0,0.41,0,0.142,0.138,3.175,2.69,0.255,0.465,1.64625,9.33E-02,1.508,1.03,
IDH3B,0.796,0.782,1.138,0.225,0.73525,2.855,2.361,1.749,1.996,2.24025,2.65E-03,1.505,2.576,
MMS19,4.82,3.27,1.759,0,2.46225,4.367,3.492,3.617,4.372,3.962,2.06E-01,1.499,0.685,
CCL2,0,5.71,6.034,0,2.936,5.575,5.807,0.734,5.622,4.4345,5.02E-01,1.498,0.299,
ACTR1A,4.735,0,3.272,6.14,3.53675,5.417,5.388,5.188,4.146,5.03475,3.10E-01,1.498,0.509,
C1orf68,0,1.044,1.127,0,0.54275,1.623,2.215,2.213,2.052,2.02575,5.00E-03,1.483,2.301,
DNAJA2,8.332,5.71,0.636,0.729,3.85175,5.017,6.052,4.792,5.474,5.33375,4.71E-01,1.482,0.327,
IGKV1D-33,2.635,1.018,4.12,0.074,1.96175,2.124,3.038,3.597,4.975,3.4335,2.19E-01,1.472,0.659,
SV2A,1.006,2.459,3.413,2.349,2.30675,3.135,4.346,3.91,3.69,3.77025,3.88E-02,1.464,1.411,
RPL7,4.491,3.422,2.065,0,2.4945,3.33,6.609,5.146,0.691,3.944,4.00E-01,1.45,0.398,TRUE
CMTR2,0.916,0,0,0,0.229,2.707,2.362,0.25,1.35,1.66725,5.32E-02,1.438,1.274,
RNH1,2.177,1.563,1.386,1.153,1.56975,1.334,5.009,4.61,1.001,2.9885,2.37E-01,1.419,0.626,
CYFIP2,1.073,0.798,0.701,1.156,0.932,3.43,4.023,0.684,1.238,2.34375,1.37E-01,1.412,0.864,
9-Sep,1.155,0,0,0.565,0.43,3.318,0.725,3.038,0.231,1.828,1.45E-01,1.399,0.839,
MDP1,2.568,0,1.184,1.992,1.436,2.539,2.859,3.178,2.739,2.82875,5.09E-02,1.393,1.293,
ARF3,0,0.767,1.486,0.183,0.609,2.588,2.294,1.992,1.101,1.99375,2.46E-02,1.385,1.61,
TCP1,7.591,4.883,0.17,1.494,3.5345,5.479,4.992,4.156,4.932,4.88975,4.56E-01,1.355,0.341,
KRT13,1.896,0,0,0,0.474,0.571,3.817,2.502,0.42,1.8275,2.01E-01,1.354,0.697,
RPL37A,0.099,0.515,0,0.196,0.2025,2.698,3.187,0.132,0.193,1.5525,1.49E-01,1.35,0.826,TRUE
HIST1H1C,0,1.257,2.165,1.766,1.297,3.14,4.65,2.345,0.446,2.64525,2.24E-01,1.348,0.65,
EEF1D,7.638,0.56,0.343,2.226,2.69175,4.01,4.377,4.452,3.298,4.03425,4.65E-01,1.342,0.332,TRUE
EDC4,0.739,0.449,0,0,0.297,2.295,2.515,0.271,1.474,1.63875,4.73E-02,1.342,1.325,
EEF1G,7.176,4.801,1.384,0,3.34025,5.781,6.437,5.65,0.843,4.67775,5.43E-01,1.338,0.265,TRUE
C1QA,0,0.116,0,0,0.029,2.432,1.801,0,1.126,1.33975,4.55E-02,1.311,1.342,
ARF6,2.126,1.186,1.385,1.153,1.4625,3.548,3.444,2.777,1.321,2.7725,5.82E-02,1.31,1.235,
MAPK8IP1,0,2.053,3.948,3.035,2.259,2.724,3.632,3.829,4.075,3.565,1.95E-01,1.306,0.709,
FARSA,0,0.602,0,0,0.1505,2.301,2.722,0.756,0.042,1.45525,9.17E-02,1.305,1.038,TRUE
EFHD1,0.123,0,0.205,0.313,0.16025,0.587,2.596,1.851,0.804,1.4595,3.35E-02,1.299,1.475,
KIF3A,0,0,0.175,0.672,0.21175,1.645,2.2,0.122,2.054,1.50525,4.19E-02,1.294,1.378,
EEF1B2,6.258,0,0.178,0,1.609,4.028,4.029,3.362,0.164,2.89575,5.03E-01,1.287,0.299,TRUE
C4B,0,0.093,1.191,1.464,0.687,1.408,2.595,1.578,2.287,1.967,3.43E-02,1.28,1.464,
CALR,3.238,0.729,0.04,0,1.00175,2.389,3.22,2.964,0.545,2.2795,2.38E-01,1.277,0.624,TRUE
S100A9,0,1.422,2.695,1.957,1.5185,2.127,2.659,3.246,3.081,2.77825,8.92E-02,1.26,1.05,
GOLGA3,0,0.471,3.566,0.487,1.131,2.425,2.374,2.284,2.471,2.3885,1.76E-01,1.257,0.754,
DDI2,0.761,0,0,0,0.19025,1.694,0.526,1.099,2.453,1.443,3.29E-02,1.253,1.482,
NOLC1,6.277,2.834,0.548,1.066,2.68125,3.632,4.778,3.986,3.285,3.92025,3.89E-01,1.239,0.41,TRUE
WDR62,1.453,0.206,0.594,1.299,0.888,1.961,1.021,3.064,2.453,2.12475,5.57E-02,1.237,1.254,
PPP1CA,6.989,0.063,0,0,1.763,3.468,4.071,2.65,1.778,2.99175,5.23E-01,1.229,0.282,TRUE
UCHL5,0.535,0,0,0,0.13375,3.028,0.673,1.746,0,1.36175,1.19E-01,1.228,0.925,
ZFYVE27,0,1.374,1.999,0.85,1.05575,1.663,2.536,2.443,2.488,2.2825,4.05E-02,1.227,1.393,
NBPF6,1.044,2.069,0.567,0,0.92,2.138,1.611,2.39,2.418,2.13925,4.30E-02,1.219,1.367,
CLIC4,1.327,0.276,0.685,0.61,0.7245,1.317,2.842,2.808,0.763,1.9325,7.90E-02,1.208,1.102,
FLG2,0.165,1.805,0.389,0,0.58975,0.945,1.779,2.065,2.399,1.797,5.82E-02,1.207,1.235,
POLRMT,0,1.674,2.953,0,1.15675,1.294,2.754,2.501,2.898,2.36175,1.85E-01,1.205,0.733,
MBP,1.577,0,0.616,2.515,1.177,1.974,2.447,2.46,2.593,2.3685,8.07E-02,1.192,1.093,
RPL23A,0,1.546,3.609,0.767,1.4805,3.193,3.837,3.627,0,2.66425,3.57E-01,1.184,0.447,TRUE
MGLL,0.61,5.727,6.234,0,3.14275,1.249,5.302,5.469,5.25,4.3175,5.67E-01,1.175,0.247,
EZH1,4.676,4.302,3.756,4.863,4.39925,5.615,5.138,5.261,6.278,5.573,1.60E-02,1.174,1.796,
KPRP,0.082,1.305,2.428,0.219,1.0085,1.738,2.586,2.419,1.978,2.18025,9.00E-02,1.172,1.046,
PNCK,1.331,0,0.436,2.126,0.97325,1.75,2.446,2.183,2.188,2.14175,5.63E-02,1.169,1.25,
SMC4,1.984,0,1.108,0.194,0.8215,1.519,2.579,2.266,1.587,1.98775,6.82E-02,1.166,1.166,
RAC3,0.242,0.066,2.19,0.702,0.8,3.476,0.746,3.037,0.6,1.96475,2.40E-01,1.165,0.62,
CAPN1,0.617,3.352,3.5,2.486,2.48875,3.598,3.467,3.848,3.681,3.6485,1.33E-01,1.16,0.876,
PRKAG1,1.382,0,1.18,0.178,0.685,2.271,2.07,0.705,2.278,1.831,6.75E-02,1.146,1.17,
RAD23A,0.527,0,0,0,0.13175,1.429,2.191,0.166,1.277,1.26575,4.12E-02,1.134,1.385,
RPL39P5,3.752,0.149,3.898,2.774,2.64325,3.925,4.8,3.131,3.207,3.76575,2.82E-01,1.123,0.549,TRUE
S100A8,0.566,1.298,2.5,1.948,1.578,2.086,2.253,3.624,2.798,2.69025,8.62E-02,1.112,1.065,
FGA,2.406,0.38,0,0,0.6965,0,0.591,4.006,2.615,1.803,3.49E-01,1.106,0.458,
RPL13AP3,1.934,1.249,0.852,1.138,1.29325,1.32,3.697,1.842,2.694,2.38825,1.02E-01,1.095,0.99,TRUE
TTN,1.667,3.583,3.582,0.209,2.26025,8.8,1.587,1.744,1.281,3.353,6.04E-01,1.093,0.219,
SUGT1,0.07,0,0.491,0,0.14025,1.712,1.732,1.447,0,1.22275,4.52E-02,1.083,1.345,
PRKAR1A,0.482,0,0.32,0,0.2005,2.729,0.256,1.97,0.166,1.28025,1.47E-01,1.079,0.833,
FASN,7.096,3.754,3.037,0,3.47175,5.089,4.782,3.777,4.538,4.5465,4.96E-01,1.075,0.305,
PSMA3,1.452,2.077,2.177,0.017,1.43075,2.522,2.609,2.189,2.692,2.503,8.01E-02,1.073,1.096,
KRT6A,0,2.329,2.696,1.527,1.638,2.109,3,2.699,3.021,2.70725,1.43E-01,1.069,0.845,
SPOPL,4.703,6.118,0,7.12,4.48525,9.63,9.402,1.478,1.691,5.55025,7.15E-01,1.065,0.146,
ATP1A2,0,0.88,0.475,0.41,0.44125,2.034,1.76,1.052,1.02,1.4665,1.67E-02,1.025,1.777,
CCT2,7.081,4.357,3.262,0.475,3.79375,4.739,4.781,4.912,4.836,4.817,4.82E-01,1.023,0.317,
DOCK1,1.601,2.082,2.407,0,1.5225,2.738,2.685,2.445,2.3,2.542,1.10E-01,1.019,0.959,
IGHV1-69,0,0,0,0,0,0,1.382,1.464,1.223,1.01725,2.50E-02,1.017,1.602,
IGHG3,0.564,1.102,0.189,0,0.46375,1.18,1.223,1.71,1.807,1.48,1.31E-02,1.016,1.882,
ARAP2,5.686,6.139,6.404,6.323,6.138,7.235,7.308,7.337,6.718,7.1495,3.44E-03,1.012,2.464,
ENO1,3.97,2.113,1.946,0,2.00725,2.858,3.933,3.507,1.72,3.0045,3.31E-01,0.997,0.48,
HRNR,0,1.293,2.878,0.66,1.20775,1.509,2.271,2.388,2.645,2.20325,1.84E-01,0.995,0.735,
DIRAS2,1.408,2.199,2.919,0.447,1.74325,4.363,3.959,1.272,1.344,2.7345,3.52E-01,0.991,0.453,
ATP1A1,0,1.366,1.345,0.768,0.86975,2.053,2.269,1.794,1.284,1.85,4.37E-02,0.98,1.359,
TTC23L,0.91,0.107,0,0.292,0.32725,0.506,2.179,0.134,2.397,1.304,1.60E-01,0.977,0.795,
GSPT1,4.533,0.151,1.356,0.005,1.51125,1.997,3.242,2.421,2.173,2.45825,4.17E-01,0.946,0.379,TRUE
GCLC,0,2.415,2.099,1.369,1.47075,1.881,2.602,2.598,2.587,2.417,1.46E-01,0.946,0.837,
NGEF,0.979,0.841,0,2.538,1.0895,4.35,0,3.769,0,2.02975,4.94E-01,0.94,0.306,
RPLP2,4.492,0.571,0.754,1.188,1.75125,2.881,3.226,3.161,1.46,2.682,3.93E-01,0.931,0.406,TRUE
FLG,0,2.621,4.234,2.108,2.24075,2.607,3.254,3.449,3.329,3.15975,3.43E-01,0.919,0.464,
MTHFD1,8.808,1.69,0.381,1.606,3.12125,4.734,4.477,1.594,5.355,4.04,6.76E-01,0.919,0.17,
IGLV3-21,0,0.354,0.437,1.185,0.494,0.638,1.507,1.842,1.654,1.41025,4.57E-02,0.916,1.34,
MBP,0.315,0.802,1.269,1.697,1.02075,1.295,2.305,2.071,2.05,1.93025,4.92E-02,0.91,1.308,
KRT16,0,2.414,2.766,0.917,1.52425,2.01,2.977,2.23,2.517,2.4335,2.30E-01,0.909,0.639,
DNAJC17,0.962,1.079,0,0,0.51025,1.573,1.489,1.374,1.225,1.41525,2.50E-02,0.905,1.602,
IRF9,1.387,3.207,3.601,0.655,2.2125,3.358,1.885,3.565,3.618,3.1065,3.17E-01,0.894,0.499,
ATP1A3,0.919,4.039,4.405,4.052,3.35375,3.194,4.602,4.519,4.649,4.241,3.56E-01,0.887,0.448,
MED30,0.076,2.236,3.524,0,1.459,1.957,1.865,2.809,2.658,2.32225,3.72E-01,0.863,0.43,
No Gene,0.807,2.397,2.126,0,1.3325,1.269,2.062,2.761,2.591,2.17075,2.48E-01,0.839,0.605,
NRGN,3.549,4.604,4.955,4.95,4.5145,5.296,5.613,4.766,5.732,5.35175,7.89E-02,0.838,1.103,
FGD3,0,0,2.507,1.943,1.1125,0.901,1.467,1.478,3.927,1.94325,4.10E-01,0.831,0.387,
IGLV1-51,1.642,2.274,2.945,0,1.71525,2.275,2.856,2.571,2.432,2.5335,2.50E-01,0.818,0.602,
ABCC12,5.547,0,6.646,0,3.04825,1.624,6.212,5.928,1.681,3.86125,7.23E-01,0.813,0.141,
ZNF518B,0.595,1.282,1.155,0,0.758,0.6,1.814,1.692,2.132,1.5595,1.21E-01,0.801,0.917,
KRT5,0,1.669,2.692,0.914,1.31875,1.599,2.16,2.262,2.406,2.10675,2.36E-01,0.788,0.628,
LGALS1,6.451,2.767,0.354,0.991,2.64075,3.619,3.625,3.683,2.746,3.41825,5.95E-01,0.778,0.225,
HAX1,0,2.284,2.622,0.737,1.41075,1.591,2.198,2.735,2.222,2.1865,2.88E-01,0.776,0.54,
PSMA5,4.12,2.458,0,0.524,1.7755,3.347,1.994,1.214,3.618,2.54325,5.12E-01,0.768,0.291,
FCGR1C,0,0.884,1.227,1.763,0.9685,1.511,2.529,2.12,0.745,1.72625,2.07E-01,0.758,0.683,
TOP2A,8.122,3.495,2.802,0,3.60475,4.299,4.426,4.406,4.316,4.36175,6.69E-01,0.757,0.175,
SPECC1,0,0.095,0.903,0.522,0.38,0.628,1.169,1.415,1.295,1.12675,3.31E-02,0.746,1.48,
IGLV3-25,0,0,0.398,0,0.0995,0,1.14,1.379,0.837,0.839,5.84E-02,0.739,1.234,
ATP5I,0.642,0.658,0.42,0.516,0.559,1.48,1.528,1.105,1.056,1.29225,1.63E-03,0.733,2.788,
RPS3,4.639,1.664,2.923,0.369,2.39875,1.952,5.34,4.246,0.986,3.131,6.09E-01,0.732,0.216,TRUE
MAPT,7.637,7.733,7.98,8.381,7.93275,8.726,8.791,8.385,8.733,8.65875,8.75E-03,0.726,2.058,
ALDOA,7.113,4.966,2.803,2.805,4.42175,5.359,5.422,5.382,4.34,5.12575,5.33E-01,0.704,0.273,
HSPA5,2.463,0,3.722,0.308,1.62325,1.767,3.087,3.538,0.897,2.32225,5.40E-01,0.699,0.268,
KRT10,0,1.98,1.541,0.508,1.00725,1.19,1.811,1.86,1.943,1.701,2.05E-01,0.693,0.689,
C17orf104,0,1.455,3.277,0.554,1.3215,1.409,1.851,1.904,2.868,2.008,4.13E-01,0.687,0.384,
FGB,0.644,0,0,0,0.161,0,0,1.793,1.56,0.83825,2.34E-01,0.677,0.63,
DCD,0,0.433,1.341,0.137,0.47775,0.823,1.018,1.196,1.583,1.155,9.51E-02,0.677,1.022,
PCMT1,2.371,2.71,3.658,2.826,2.89125,3.497,3.704,3.686,3.387,3.5685,5.42E-02,0.677,1.266,
IGLV7-46,0,3.338,4.492,0,1.9575,3.613,1.527,5.386,0,2.6315,6.97E-01,0.674,0.157,
MAPT,8.606,9.045,9.328,8.879,8.9645,9.418,9.661,8.96,10.474,9.62825,1.08E-01,0.664,0.968,
SLC1A2,0,1.838,1.902,1.275,1.25375,2.132,2.136,1.566,1.819,1.91325,2.03E-01,0.66,0.692,
HSPA1A,7.441,7.006,8.181,7.368,7.499,8.157,8.353,8.435,7.677,8.1555,7.08E-02,0.656,1.15,
ARPC2,7.357,5.066,0.462,0.413,3.3245,3.917,4.424,4.136,3.439,3.979,7.20E-01,0.655,0.143,
DNAJA3,1.541,0.468,0.027,0,0.509,1.454,1.171,1.039,0.977,1.16025,1.34E-01,0.651,0.874,
SMG7,0.025,0,1.677,0,0.4255,1.197,1.237,0.87,0.96,1.066,1.84E-01,0.641,0.735,
TECPR1,0,0,0,0,0,0,0.491,1.115,0.916,0.6305,4.34E-02,0.63,1.362,
KRT2,0,1.689,1.787,0.507,0.99575,1.025,1.79,1.81,1.873,1.6245,2.42E-01,0.629,0.615,
CEP350,0,3.061,2.915,2.945,2.23025,2.896,3.189,2.871,2.477,2.85825,4.39E-01,0.628,0.357,
KRT14,0,1.821,2.145,0.676,1.1605,1.192,1.987,1.999,1.975,1.78825,2.87E-01,0.628,0.542,
TNR,0,0,0,0,0,0,1.307,1.189,0,0.624,1.35E-01,0.624,0.871,
SLC25A24,0,0,1.284,0.851,0.53375,1.616,0.704,0.659,1.643,1.1555,1.91E-01,0.622,0.72,
KIAA0368,3.491,0.165,0.467,0,1.03075,2.096,2.082,0.785,1.594,1.63925,5.16E-01,0.608,0.287,
PDIA3,5.814,2.861,0,1.907,2.6455,4.043,4.792,4.18,0,3.25375,7.23E-01,0.608,0.141,
MT3,3.81,3.808,4.509,4.089,4.054,5.126,4.888,3.997,4.629,4.66,8.50E-02,0.606,1.07,
DNAH3,0,0.172,0,0,0.043,0.303,1.482,0.811,0,0.649,1.13E-01,0.606,0.945,
CCT6A,4.073,3.361,0.934,0,2.092,2.753,2.977,2.536,2.484,2.6875,5.64E-01,0.596,0.249,
KRT17,0,1.452,3.135,1.163,1.4375,1.366,2.618,1.837,2.31,2.03275,4.29E-01,0.595,0.367,
KLK13,0,3.157,3.024,0,1.54525,1.781,2.054,2.458,2.265,2.1395,5.36E-01,0.594,0.271,
TRRAP,0.36,0,0,0,0.09,0,0.815,0.034,1.814,0.66575,2.35E-01,0.576,0.629,
KRT24,0,2.165,2.729,0.508,1.3505,1.054,2.227,1.933,2.477,1.92275,4.58E-01,0.572,0.339,
PCBP1,7.029,5.042,2.815,2.737,4.40575,5.419,5.096,4.085,5.298,4.9745,6.14E-01,0.569,0.212,
IGLV3-25,0,0,1.906,0,0.4765,0,1.456,2.235,0.48,1.04275,4.44E-01,0.566,0.353,
A2M,4.105,4.257,0,4.657,3.25475,4.668,5.348,4.711,0.539,3.8165,7.30E-01,0.562,0.137,
RBPJ,1.609,0,0.368,0,0.49425,0,0,4.168,0,1.042,6.39E-01,0.548,0.194,
HBA2,0,0.967,1.167,1.495,0.90725,1.311,1.473,1.415,1.606,1.45125,1.47E-01,0.544,0.831,
ALB,2.625,1.477,2.729,2.605,2.359,2.562,3.701,2.872,2.473,2.902,2.30E-01,0.543,0.638,
LYZ,0.446,1.468,2.158,0,1.018,0,1.22,1.961,3.061,1.5605,5.27E-01,0.543,0.278,
RPS19,0.647,1.866,1.938,0,1.11275,2.735,1.234,2.645,0,1.6535,5.27E-01,0.541,0.279,TRUE
HNRNPDL,0,1.109,1.772,0,0.72025,0,1.907,0,3.128,1.25875,5.65E-01,0.539,0.248,
HBB,0.423,1.715,1.535,2.495,1.542,1.849,2.175,2.407,1.886,2.07925,2.75E-01,0.537,0.561,
SPEN,0,0,0,0,0,0.929,0.584,0.629,0,0.5355,3.29E-02,0.535,1.482,
TSPAN19,0.417,3.365,2.349,0,1.53275,2.043,1.829,1.962,2.429,2.06575,5.33E-01,0.533,0.273,
KRT1,0,1.354,2.681,0.068,1.02575,1.006,1.498,1.776,1.936,1.554,4.58E-01,0.528,0.34,
KRT9,0.219,1.006,3.147,0,1.093,1.001,1.514,1.904,2.062,1.62025,5.12E-01,0.527,0.291,
PAFAH1B2,2.787,0.402,0.847,0,1.009,0.923,1.53,1.927,1.761,1.53525,4.53E-01,0.526,0.344,
DSG1,0,1.702,3.802,0.663,1.54175,1.137,1.934,2.563,2.613,2.06175,5.84E-01,0.52,0.233,
IGHV3-23,0.375,1.438,2.271,2.749,1.70825,0,2.686,3.444,2.765,2.22375,5.96E-01,0.516,0.225,
GNAI2,1.016,0,1.254,0,0.5675,0.653,2.384,1.21,0.084,1.08275,4.18E-01,0.515,0.379,
PLP1,0.035,0.785,0,2.193,0.75325,1.033,1.296,1.969,0.738,1.259,4.14E-01,0.506,0.383,
ESF1,0,1.198,1.681,1.19,1.01725,1.405,1.719,1.519,1.42,1.51575,2.21E-01,0.499,0.656,
IGHG1,0.248,0.46,0.892,0.23,0.4575,0,1.283,1.288,1.226,0.94925,2.12E-01,0.492,0.674,
FIBA_BOVIN,3.807,3.319,4.613,0,2.93475,3.523,5.04,4.819,0.32,3.4255,7.53E-01,0.491,0.123,
NR1H4,0,0,0.074,0.838,0.228,0.773,0.558,1.108,0.422,0.71525,1.02E-01,0.487,0.99,
IMPA2,1.287,2.76,0.911,1.371,1.58225,2.245,2.257,2.357,1.404,2.06575,3.35E-01,0.484,0.475,
RPS28,3.079,1.612,0,0.074,1.19125,2.011,1.94,0.478,2.233,1.6655,5.90E-01,0.474,0.229,TRUE
IGLV4-69,0,0,0,0.671,0.16775,0.552,0,1.65,0.362,0.641,2.74E-01,0.473,0.562,
ATP5L,0.119,0.878,0.231,0.499,0.43175,0.905,1.063,1.021,0.629,0.9045,5.16E-02,0.473,1.287,
AKR1C3,4.213,6.753,7.311,0.482,4.68975,6.735,6.856,0.685,6.35,5.1565,8.36E-01,0.467,0.078,
LGALS7,0,0,0.894,0,0.2235,0,0.868,0.905,0.983,0.689,1.98E-01,0.465,0.704,
IGHV3-66,0,0,1.642,0,0.4105,0,0.456,1.524,1.502,0.8705,4.44E-01,0.46,0.353,
YPEL3,0.291,0,0,0,0.07275,0,0,2.057,0,0.51425,4.28E-01,0.441,0.369,
CCT7,5.666,2.101,2.926,0,2.67325,2.616,3.098,3.364,3.374,3.113,7.24E-01,0.439,0.14,
IGLV1-47,0,1.558,3.068,1.47,1.524,1.676,2.414,2.42,1.327,1.95925,5.48E-01,0.435,0.261,
No Gene,0,0.38,0.399,0.21,0.24725,0.865,0.238,0,1.601,0.676,2.91E-01,0.429,0.537,
IGHV3-72,0.739,0,1.726,1.31,0.94375,0.81,1.54,1.754,1.376,1.37,3.55E-01,0.426,0.45,
KCTD16,0,1.143,2.963,0.986,1.273,1.179,1.394,1.022,3.189,1.696,6.14E-01,0.423,0.212,
MAPT,12.579,12.204,12.493,12.941,12.55425,12.957,13.097,12.604,13.225,12.97075,8.53E-02,0.417,1.069,
IGHM,0,0.791,3.523,2.537,1.71275,0.143,1.681,2.76,3.925,2.12725,7.28E-01,0.415,0.138,
TTLL7,0,0,0,0,0,0.828,0.742,0,0.082,0.413,1.04E-01,0.413,0.981,
SCN11A,0.911,6.573,0.992,6.529,3.75125,6.718,1.602,7.077,1.25,4.16175,8.62E-01,0.41,0.064,
LACB_BOVIN,0.843,0,1.401,0.334,0.6445,0.62,0.687,1.091,1.793,1.04775,3.60E-01,0.404,0.443,
CARKD,0.005,1.168,3.46,0,1.15825,0.816,1.591,1.802,2.026,1.55875,6.57E-01,0.401,0.183,
ANKZF1,3.576,3.676,3.687,4.019,3.7395,3.942,3.878,4.266,4.452,4.1345,5.53E-02,0.395,1.257,
MIIP,0,0,0.258,1.443,0.42525,0.509,1.143,0.363,1.258,0.81825,3.76E-01,0.393,0.425,
FXR1,4.602,2.234,2.718,0,2.3885,2.604,3.538,2.526,2.415,2.77075,7.10E-01,0.382,0.149,TRUE
IGKV3-11,0.467,0.452,1.469,1.156,0.886,0,1.368,1.87,1.827,1.26625,4.80E-01,0.38,0.318,
TXN,0.161,1.658,1.52,0.86,1.04975,1.181,1.413,1.54,1.569,1.42575,3.30E-01,0.376,0.481,
IGLV3-19,0,0.165,1.581,0.212,0.4895,0,1.12,1.704,0.632,0.864,4.94E-01,0.375,0.306,
USP29,0,0.812,2.125,0.593,0.8825,0.951,0,1.56,2.517,1.257,6.08E-01,0.375,0.216,
WRN,0.24,1.055,1.557,0.814,0.9165,5.162,0,0,0,1.2905,7.86E-01,0.374,0.104,
SERPINB12,0.166,1.891,2.504,0,1.14025,1.431,1.388,1.491,1.744,1.5135,5.74E-01,0.373,0.241,
No Gene,0,0.034,0.337,0.677,0.262,0.478,0.641,0.697,0.71,0.6315,6.84E-02,0.369,1.165,
DNAH2,0,1.859,2.269,0.471,1.14975,0.818,1.712,1.465,2.071,1.5165,5.66E-01,0.367,0.247,
APOB,1.653,0.964,0,0.561,0.7945,0.993,0.973,1.224,1.45,1.16,3.56E-01,0.365,0.448,
SPATA45,0,0,0.222,0,0.0555,0,1.04,0.635,0,0.41875,2.14E-01,0.363,0.669,
TKT,8.966,5.201,4.816,0.561,4.886,5.73,6.21,5.798,3.25,5.247,8.51E-01,0.361,0.07,
ERC1,0,0.366,0,0.233,0.14975,0.419,0.69,0.241,0.571,0.48025,4.76E-02,0.33,1.323,
POF1B,0,0.358,1.663,0,0.50525,0,0,1.423,1.896,0.82975,6.24E-01,0.325,0.205,
PSMB6,0.136,1.519,1.01,0,0.66625,0,1.018,1.202,1.74,0.99,5.52E-01,0.323,0.258,
GAPDH,1.23,0.898,0.586,0,0.6785,0.842,1.327,1.065,0.743,0.99425,3.21E-01,0.316,0.493,TRUE
PKP1,0.013,2.6,3.753,0,1.5915,0.793,0.278,3.085,3.403,1.88975,8.17E-01,0.298,0.088,
DCTN2,2.197,0,0.324,4.271,1.698,1.352,2.102,2.73,1.759,1.98575,7.89E-01,0.288,0.103,
BLMH,0.983,5.816,4.387,1.974,3.29,2.031,4.778,3.41,4.086,3.57625,8.27E-01,0.286,0.083,
KRT80,0,2.604,3.151,0.816,1.64275,0.881,1.848,2.248,2.724,1.92525,7.48E-01,0.282,0.126,
GNG12,0.114,1.391,2.345,0.294,1.036,0.703,1.346,1.562,1.661,1.318,6.34E-01,0.282,0.198,
ECM1,0,1.257,1.715,0.202,0.7935,0.313,1.128,1.225,1.59,1.064,6.03E-01,0.271,0.22,
S100A7,0.047,1.347,0.749,0,0.53575,0.213,0.932,0.239,1.839,0.80575,6.08E-01,0.27,0.216,
PFN2,5.087,5.371,5.918,6.553,5.73225,6.878,6.136,5.709,5.273,5.999,5.91E-01,0.267,0.228,
ANKRD29,0,0.542,0.769,0.635,0.4865,0.644,0.977,0.375,1.001,0.74925,2.87E-01,0.263,0.542,
LMNB2,0,0.352,0.641,0.779,0.443,0.738,0.612,0.652,0.812,0.7035,1.94E-01,0.26,0.712,
OGDH,0.001,0.103,0.307,0,0.10275,0.564,0.362,0.064,0.45,0.36,9.35E-02,0.257,1.029,
IGHA1,1.243,1.337,1.259,1.652,1.37275,0,1.963,2.888,1.669,1.63,6.88E-01,0.257,0.162,
MSN,4.391,3.091,0,3.598,2.77,2.828,3.418,3.19,2.667,3.02575,8.02E-01,0.256,0.096,
TBC1D4,0,0,5.361,5.033,2.5985,0.034,0.978,5.435,4.96,2.85175,9.05E-01,0.254,0.043,
ANKRD36,0.503,0.976,1.197,0.994,0.9175,1.517,2.078,1.021,0,1.154,6.29E-01,0.237,0.201,
DSP,0,1.072,2.306,0.264,0.9105,0.584,0.989,1.477,1.534,1.146,6.91E-01,0.236,0.161,
EPN2,0,0.144,0.487,1.007,0.4095,0.79,0.727,0.947,0.098,0.6405,4.58E-01,0.231,0.339,
KRT77,1.827,4.898,1.245,1.213,2.29575,1.943,2.431,2.436,3.283,2.52325,8.14E-01,0.227,0.09,
SFXN1,2.536,1.532,1.258,0.474,1.45,2.379,0.296,2.063,1.961,1.67475,7.35E-01,0.225,0.134,
ZBED8,0.904,0.889,0.747,0.503,0.76075,1.147,1.514,1.25,0,0.97775,5.56E-01,0.217,0.255,
STRN3,0,0.372,0.748,0.581,0.42525,0.522,0.55,0.782,0.695,0.63725,2.65E-01,0.212,0.576,
KTN1,0,0.261,0.931,0.727,0.47975,0.663,0.751,0.677,0.665,0.689,3.65E-01,0.21,0.438,
PHLPP2,0,0,0.915,0.644,0.38975,0,0.944,0.536,0.877,0.58925,5.52E-01,0.199,0.258,
ARG1,0,4.679,5.047,1.421,2.78675,1.976,1.921,3.759,4.279,2.98375,8.91E-01,0.197,0.05,
IGLV1-40,0,0,0.671,0.566,0.30925,0.505,0,1.513,0,0.5045,6.43E-01,0.195,0.192,
IGKV2D-29,12.513,12.081,13.33,12.695,12.65475,12.328,12.869,13.176,12.989,12.8405,5.79E-01,0.186,0.237,
HIST1H2BL,4.083,2.123,1.895,1.097,2.2995,2.481,2.94,2.765,1.749,2.48375,7.97E-01,0.184,0.099,
SCARB2,6.781,6.648,6.64,6.589,6.6645,6.971,7.409,6.747,6.254,6.84525,4.86E-01,0.181,0.313,
GGCT,0,3.815,2.204,1.81,1.95725,2.121,1.334,2.119,2.965,2.13475,8.42E-01,0.177,0.075,
IGKV3-20,0.458,0.953,1.41,1.18,1.00025,0,1.261,1.264,2.171,1.174,7.35E-01,0.174,0.134,
KRT4,1.185,2.208,0,0,0.84825,0.944,0,3.123,0,1.01675,8.59E-01,0.169,0.066,
HSPA4L,5.939,3.139,0,3.244,3.0805,5.185,4.78,0.612,2.413,3.2475,9.21E-01,0.167,0.036,
AGAP4,0,0.094,0.624,0.61,0.332,0.317,0.613,0.608,0.445,0.49575,3.99E-01,0.164,0.399,
GEMIN5,0.08,0,0.531,0.166,0.19425,0.504,0.538,0.25,0.137,0.35725,3.26E-01,0.163,0.487,TRUE
INTS2,0,0.474,1.514,0,0.497,0,0.553,0.948,1.141,0.6605,7.22E-01,0.163,0.142,
FN3K,4.013,3.235,3.82,4.984,4.013,3.896,4.322,4.088,4.393,4.17475,6.86E-01,0.162,0.164,
ARHGAP36,0,0,0,0,0,0,0.22,0,0.411,0.15775,1.62E-01,0.158,0.789,
FLNB,2.627,1.49,0.388,0.39,1.22375,1.074,1.893,0.649,1.906,1.3805,8.09E-01,0.157,0.092,
HOOK3,0,0.275,0.648,0.969,0.473,0.663,0.452,0.741,0.654,0.6275,5.10E-01,0.155,0.293,
PRDX1,3.282,2.047,3.563,2.951,2.96075,2.845,3.283,3.56,2.77,3.1145,6.99E-01,0.153,0.155,
CMPK1,3.504,1.015,2.146,0,1.66625,1.763,2.113,1.285,2.111,1.818,8.52E-01,0.152,0.07,
PABPN1,2.281,0,0,0,0.57025,1.43,0.27,0,1.164,0.716,8.34E-01,0.146,0.079,
IGLL5,0.687,1.115,1.055,0,0.71425,0,1.112,1.443,0.854,0.85225,7.42E-01,0.138,0.129,
IGKV1-5,1.021,0,2.678,1.303,1.2505,0,0,2.31,3.222,1.383,8.98E-01,0.133,0.047,
GLDC,0,0,0.829,0.267,0.274,0.094,0.558,0.312,0.656,0.405,5.94E-01,0.131,0.226,
LOXHD1,0,0,0,0,0,0.392,0,0.113,0,0.12625,2.21E-01,0.126,0.655,
TESC,0.653,0,6.104,7.07,3.45675,6.535,6.435,0.664,0.695,3.58225,9.61E-01,0.125,0.017,
AZGP1,0,2.508,1.641,0.535,1.171,1.315,1.003,1.285,1.56,1.29075,8.42E-01,0.119,0.075,
ATP6V1C1,0,0,0.241,0.064,0.07625,0,0,0,0.782,0.1955,5.79E-01,0.119,0.237,
WDR82,0.014,0,0.232,0.181,0.10675,0.239,0.181,0.194,0.29,0.226,1.10E-01,0.119,0.958,
IGHV3-11,0.497,0.619,1.949,1.778,1.21075,0,1.288,1.996,2.029,1.32825,8.53E-01,0.117,0.069,
JUP,0.454,1.503,3.286,0,1.31075,0.584,1.226,1.587,2.307,1.426,8.92E-01,0.115,0.05,
COQ9,0.145,0.448,0.831,0.406,0.4575,0.812,0.597,0,0.878,0.57175,6.57E-01,0.114,0.182,
RANGAP1,0.029,0,0.508,0.178,0.17875,0.286,0.885,0,0,0.29275,6.50E-01,0.114,0.187,
MYO16,0,0.016,0.621,0.317,0.2385,0.665,0.459,0.256,0,0.345,6.20E-01,0.107,0.208,
IGKC,0.48,0,1.765,0.829,0.7685,0.066,0.853,0.873,1.647,0.85975,8.60E-01,0.091,0.066,
SFRP4,0,0.659,0,0.464,0.28075,0.954,0,0.523,0,0.36925,7.66E-01,0.088,0.116,
EIF3J,0.191,0.675,0.511,0,0.34425,0.034,0.346,0.854,0.484,0.4295,7.22E-01,0.085,0.142,TRUE
IGLV3-21,0,1.838,2.28,2.742,1.715,0,2.281,2.774,2.139,1.7985,9.26E-01,0.084,0.034,
IGLC3,0.718,0.259,1.409,0.679,0.76625,0.349,1.034,1.978,0,0.84025,8.86E-01,0.074,0.053,
CASP14,0,3.34,1.552,0.877,1.44225,0.616,1.671,1.746,2.018,1.51275,9.30E-01,0.071,0.032,
MIPOL1,0,0,0,0.363,0.09075,0,0,0.622,0,0.1555,7.31E-01,0.065,0.136,
GOLGA4,0,0.085,0.734,0.369,0.297,0.457,0.453,0.309,0.21,0.35725,7.44E-01,0.06,0.128,
IMMT,6.494,6.395,6.929,6.682,6.625,6.116,6.677,6.954,6.976,6.68075,8.18E-01,0.056,0.087,
PTPN13,0,0.592,0.172,0.096,0.215,0,0.049,0.401,0.542,0.248,8.66E-01,0.033,0.063,
ETFA,1.715,1.65,0,0.695,1.015,0.586,1.562,1.543,0.482,1.04325,9.57E-01,0.029,0.019,
KAT6A,0.738,0.986,1.94,0,0.916,1.1,1.157,0.514,0.986,0.93925,9.58E-01,0.023,0.018,
GGCX,0,0.784,0.651,0,0.35875,0,0.639,0.884,0,0.38075,9.45E-01,0.022,0.025,
CAND1,2.471,0.118,3.247,1.381,1.80425,2.115,2.468,1.789,0.91,1.8205,9.83E-01,0.017,0.007,
UQCRH,4.401,3.202,1.015,0.575,2.29825,2.869,2.852,1.49,2.032,2.31075,9.90E-01,0.012,0.004,
ALDH1A3,0,0.537,0.396,0.804,0.43425,0.267,0.438,0.539,0.526,0.4425,9.63E-01,0.009,0.016,
KRT8,0,0.972,3.802,0,1.1935,0.901,1.349,1.22,1.315,1.19625,9.98E-01,0.003,0.001,
CCDC68,0.358,0,0.326,0.837,0.38025,0,0.387,0.342,0.795,0.381,9.98E-01,0.001,0.001,
EML1,0,0.392,0.462,0.435,0.32225,0.307,0.394,0.57,0,0.31775,9.79E-01,-0.004,0.009,
ERI2,4.835,5.355,5.092,5.237,5.12975,6.301,6.908,5.765,1.489,5.11575,9.91E-01,-0.014,0.004,
CALML5,0,0.902,3.366,0.45,1.1795,0.37,1.108,1.296,1.855,1.15725,9.79E-01,-0.022,0.009,
WAPAL,0.264,0,0.295,0.963,0.3805,0.349,0.699,0.295,0.087,0.3575,9.28E-01,-0.023,0.033,
TAS2R40,0.125,0,0.326,0.315,0.1915,0.075,0.116,0.335,0.137,0.16575,8.02E-01,-0.026,0.096,
C3orf14,0,0.272,0.591,0.49,0.33825,0.365,0.288,0.551,0.026,0.3075,8.62E-01,-0.031,0.065,
ZNF202,0,0.151,1.052,0.633,0.459,0.859,0,0.268,0.579,0.4265,9.18E-01,-0.033,0.037,
IGLL5,0.243,1.015,1.094,0.449,0.70025,0,0.847,1.143,0.635,0.65625,8.95E-01,-0.044,0.048,
hCG_1787699,0,0,0.182,0,0.0455,0,0,0,0,0,3.56E-01,-0.045,0.449,
HCN1,0,0,0.278,0.269,0.13675,0,0.095,0.247,0,0.0855,6.20E-01,-0.051,0.207,
ANO3,0,0.207,0,0,0.05175,0,0,0,0,0,3.56E-01,-0.052,0.449,
MMP3,5.489,5.502,5.641,5.452,5.521,5.477,5.538,5.439,5.413,5.46675,3.16E-01,-0.054,0.501,
THSD7A,0,0.104,0,0.14,0.061,0,0,0,0,0,1.41E-01,-0.061,0.851,
PEX5L,0.035,0.25,0.164,0,0.11225,0,0,0.2,0,0.05,4.47E-01,-0.062,0.349,
CCHCR1,0,0.201,0.191,0.233,0.15625,0.19,0.139,0.037,0,0.0915,3.84E-01,-0.065,0.416,
WDR91,0.701,0.328,0,0.484,0.37825,0.855,0.397,0,0,0.313,8.04E-01,-0.065,0.095,
K2C6A_MOUSE,0,3.258,1.519,0.233,1.2525,1.317,0,1.5,1.909,1.1815,9.36E-01,-0.071,0.029,
TCHH,1.308,3.147,3.946,2.709,2.7775,1.307,1.197,4.096,4.2,2.7,9.41E-01,-0.077,0.026,
CCDC110,0,0,0,1.079,0.26975,0,0.757,0,0,0.18925,8.15E-01,-0.08,0.089,
IDH1,0.351,0,0,0,0.08775,0,0,0,0,0,3.56E-01,-0.088,0.449,
RGPD8,0,0,0,0.369,0.09225,0,0,0,0,0,3.56E-01,-0.092,0.449,
TMEM33,0.314,0.786,1.648,1.093,0.96025,1.331,1.196,0,0.892,0.85475,8.06E-01,-0.105,0.094,
KCTD1,0.434,0.976,0,0,0.3525,0.265,0,0.679,0,0.236,6.94E-01,-0.117,0.159,
ENPP6,0.046,0.316,0,0.543,0.22625,0.429,0,0,0,0.10725,5.00E-01,-0.119,0.301,
ABCB1,0.305,0,0.195,0.413,0.22825,0.07,0.081,0.17,0.11,0.10775,2.33E-01,-0.121,0.633,
CRISPLD1,0.665,0.602,0,0.514,0.44525,0.004,0,1.284,0,0.322,7.40E-01,-0.123,0.131,
IGKV2D-24,8.498,8.637,9.231,8.628,8.7485,8.039,8.748,8.705,9.009,8.62525,6.56E-01,-0.123,0.183,
IGHG2,6.258,6.673,7.056,6.491,6.6195,6.463,6.232,6.914,6.334,6.48575,5.75E-01,-0.134,0.241,
SEMG1,1.12,0.742,6.458,1.075,2.34875,2.206,1.958,2.524,2.17,2.2145,9.25E-01,-0.134,0.034,
CIT,0.588,0.152,0.617,0.301,0.4145,0.393,0,0,0.715,0.277,5.30E-01,-0.138,0.276,
MAP4,6.878,4.507,3.075,2.568,4.257,4.941,5.204,3.176,3.145,4.1165,9.04E-01,-0.141,0.044,
GOLM1,0.116,0.649,0.181,0.437,0.34575,0.502,0,0.31,0.007,0.20475,4.47E-01,-0.141,0.349,
HIST1H4A,4.125,1.18,2.691,1.36,2.339,0.593,3.371,1.582,3.242,2.197,8.87E-01,-0.142,0.052,
ALDOC,0.264,0.551,0.534,0,0.33725,0.577,0,0.12,0,0.17425,4.21E-01,-0.163,0.376,
CCDC150,0.247,0.997,0.82,0.845,0.72725,1.02,0.5,0.724,0,0.561,5.62E-01,-0.166,0.25,
LRRC10B,6.686,7.238,7.494,7.195,7.15325,6.929,7.02,6.991,6.993,6.98325,3.57E-01,-0.17,0.447,
HSP90B1,8.254,3.172,2.816,2.596,4.2095,0.398,7.983,7.774,0,4.03875,9.50E-01,-0.171,0.022,
PITPNM2,0,0.686,0,0,0.1715,0,0,0,0,0,3.56E-01,-0.172,0.449,
TMEM237,0.171,0.128,0.932,0.269,0.375,0,0.284,0.527,0,0.20275,4.77E-01,-0.172,0.321,
CSE1L,4.453,0,0,0,1.11325,1.148,0.754,0.9,0.916,0.9295,8.75E-01,-0.184,0.058,
IGKV4-1,1.194,2.514,2.361,2.367,2.109,1.555,1.519,2.242,2.33,1.9115,6.19E-01,-0.197,0.208,
Trypsin_PIG,1.056,1.293,1.816,1.3,1.36625,1.291,1.142,0.894,1.336,1.16575,3.28E-01,-0.201,0.484,
PSKH1,0,1.248,1.629,1.128,1.00125,1.125,0.725,0.832,0.506,0.797,6.04E-01,-0.204,0.219,
SPNS1,0,1.196,0.912,1.153,0.81525,0.857,0.78,0,0.806,0.61075,5.76E-01,-0.204,0.24,
RAB5A,0.316,0.177,0.455,0.608,0.389,0.071,0.285,0.289,0,0.16125,1.03E-01,-0.228,0.987,
KRT78,0.015,1.902,3.173,0.328,1.3545,0,1.1,1.546,1.846,1.123,7.91E-01,-0.232,0.102,
FABP5,2.578,4.543,8.919,3.591,4.90775,4.284,4.485,5.031,4.889,4.67225,8.72E-01,-0.236,0.059,
ACCSL,0,1.018,1.684,0.689,0.84775,1.188,0,1.25,0,0.6095,6.48E-01,-0.238,0.188,
GDPD5,0,0.481,0.512,0.68,0.41825,0,0.553,0.137,0.024,0.1785,2.64E-01,-0.24,0.579,
LMNA,0,2.012,1.476,0,0.872,1.854,0,0,0.656,0.6275,7.30E-01,-0.244,0.137,
SBSN,1.193,5.509,5.672,0,3.0935,1.706,2.704,3.534,3.449,2.84825,8.77E-01,-0.245,0.057,
KRT81,0.136,4.549,4.212,0,2.22425,0.548,1.126,4.837,1.402,1.97825,8.81E-01,-0.246,0.055,
SLC16A10,0,2.677,4.619,0,1.824,0.413,1.278,3.351,1.263,1.57625,8.54E-01,-0.248,0.069,
PRDM8,0,0.287,0.375,0.334,0.249,0,0,0,0,0,2.62E-02,-0.249,1.582,
DSC1,0,2.961,4.166,1.655,2.1955,0.868,2.262,2.439,2.191,1.94,8.00E-01,-0.255,0.097,
RNF2,0,0.595,0.056,0.596,0.31175,0,0,0,0.217,0.05425,1.87E-01,-0.257,0.728,
HSPA8,5.663,5.436,5.466,5.052,5.40425,4.914,5.434,5.123,5.082,5.13825,1.63E-01,-0.266,0.787,
DDX18,5.046,0.006,0.986,0.286,1.581,1.498,0.981,0.915,1.796,1.2975,8.20E-01,-0.284,0.086,
KPNB1,7.574,3.421,1.146,0.613,3.1885,2.617,3.435,2.874,2.672,2.8995,8.62E-01,-0.289,0.064,
NEB,0.203,0,8.484,8.316,4.25075,0.113,0,7.947,7.782,3.9605,9.33E-01,-0.29,0.03,
IFIH1,0.143,0,0.579,0.576,0.3245,0,0,0.099,0,0.02475,9.42E-02,-0.3,1.026,
HNRNPK,3.359,2.266,0.285,0,1.4775,1.757,2.133,0,0.81,1.175,7.58E-01,-0.302,0.12,
CLK4,0.001,0,0.565,0.649,0.30375,0,0,0,0,0,1.35E-01,-0.304,0.87,
ZNF18,0.902,0,0.356,0.395,0.41325,0,0,0,0.4,0.1,1.88E-01,-0.313,0.726,
No Gene,0,0,0.21,1.05,0.315,0,0,0,0,0,2.54E-01,-0.315,0.595,
LIPI,0,0.666,4.949,0,1.40375,1.164,0,0.838,2.324,1.0815,8.11E-01,-0.322,0.091,
ALB,1.201,0.323,2.631,1.007,1.2905,0.328,0.872,1.26,1.395,0.96375,5.67E-01,-0.327,0.246,
CHRNA6,0.65,0.665,0,0,0.32875,0,0,0,0,0,1.34E-01,-0.329,0.873,
MYH3,0.221,0.424,0.525,0.362,0.383,0.206,0,0,0,0.0515,6.69E-03,-0.331,2.174,
BCKDHA,1.783,0,0,0,0.44575,0,0.434,0,0,0.1085,4.90E-01,-0.337,0.31,
IGHV4-59,0.219,0.505,2.184,1.309,1.05425,0,0.585,0.829,1.413,0.70675,5.36E-01,-0.347,0.271,
VIM,7.086,4.778,1.887,2.887,4.1595,3.923,4.068,4.055,3.187,3.80825,7.73E-01,-0.351,0.112,TRUE
LILRB1,5.978,5.514,5.838,6.614,5.986,7.656,0.53,6.34,8.013,5.63475,8.48E-01,-0.352,0.072,
IGKV1-17,0,0,0.942,1.352,0.5735,0,0,0,0.875,0.21875,4.15E-01,-0.355,0.382,
NCL,2.116,1.654,0.828,1.483,1.52025,1.693,1.679,0,1.179,1.13775,4.55E-01,-0.383,0.342,TRUE
POP1,1.935,3.772,0.244,3.43,2.34525,2.452,2.131,1.415,1.79,1.947,6.51E-01,-0.398,0.187,
No Gene,4.539,5.249,0.561,0.172,2.63025,5.161,1.964,0.993,0.751,2.21725,8.12E-01,-0.413,0.09,
CAT,0,2.288,2.741,0,1.25725,0.021,0.695,1.262,1.338,0.829,6.08E-01,-0.428,0.216,
CWF19L2,1.403,1.135,0.483,0.782,0.95075,0.325,0.413,0.738,0.601,0.51925,9.98E-02,-0.431,1.001,
EXOSC7,4.506,0,0.57,0,1.269,0.747,0.799,1.191,0.528,0.81625,6.94E-01,-0.453,0.159,
IGHG4,0.987,0,2.902,1.865,1.4385,0.763,0,1.473,1.647,0.97075,5.42E-01,-0.468,0.266,
KIAA1210,1.102,0.508,0,0.281,0.47275,0,0,0,0,0,8.99E-02,-0.473,1.046,
NOP2,3.652,1.51,0,0,1.2905,0.647,1.038,0.329,1.18,0.7985,5.99E-01,-0.492,0.223,
SH3D21,5.836,6.167,7.298,6.404,6.42625,3.553,6.578,6.524,6.972,5.90675,5.64E-01,-0.519,0.249,
TGM3,0.786,2.854,3.949,1.29,2.21975,0,1.382,2.362,2.976,1.68,5.99E-01,-0.54,0.222,
IGKC,0,0.485,1.473,0.977,0.73375,0,0,0.754,0,0.1885,1.90E-01,-0.545,0.722,
MTPN,5.257,4.104,1.341,0.557,2.81475,2.281,2.722,2.118,1.938,2.26475,6.43E-01,-0.55,0.192,TRUE
JAG1,0,0.66,1.346,0.831,0.70925,0,0,0,0.622,0.1555,1.32E-01,-0.554,0.878,
VPS4B,3.445,0,0.525,0,0.9925,0.348,1.327,0,0,0.41875,5.41E-01,-0.574,0.267,
ACTR2,4.57,0,2.249,0.188,1.75175,0.682,1.064,1.911,1.004,1.16525,6.13E-01,-0.587,0.212,
SARNP,3.406,1.736,0,0.256,1.3495,0.679,1.189,0.596,0.562,0.7565,4.86E-01,-0.593,0.313,TRUE
NDUFS1,0,0,1.453,2.047,0.875,0,1.127,0,0,0.28175,3.54E-01,-0.593,0.451,
HIST2H2AC,5.922,2.774,2.186,0.882,2.941,3.223,2.416,2.451,1.296,2.3465,6.21E-01,-0.594,0.207,
CECR5,4.887,0,1.873,0,1.69,1.021,1.533,0.669,1.072,1.07375,6.16E-01,-0.616,0.21,
ABCC2,0.427,0,1.366,0.683,0.619,0,0,0,0,0,7.36E-02,-0.619,1.133,
CSTA,1.173,4.588,4.611,0,2.593,1.101,1.812,2.213,2.743,1.96725,6.30E-01,-0.626,0.201,
CASA2_BOVIN,0.047,0,1.082,2.034,0.79075,0,0.197,0.049,0.341,0.14675,2.37E-01,-0.644,0.626,
PRPF8,6.635,0.263,0.335,0,1.80825,1.945,1.086,0.41,1.187,1.157,7.05E-01,-0.652,0.152,
FANCE,0.594,1.211,3.497,0.337,1.40975,1.14,0,0.898,0.969,0.75175,4.22E-01,-0.658,0.375,
GDI1,4.907,0,3.334,0.816,2.26425,1.43,2.78,2.157,0,1.59175,6.18E-01,-0.673,0.209,
TNS1,3.593,3.535,3.89,3.728,3.6865,0.121,4.179,4.011,3.729,3.01,5.12E-01,-0.676,0.291,
IPO5,7.253,1.622,0,0.842,2.42925,2.497,1.747,1.623,1.137,1.751,6.98E-01,-0.678,0.156,
IGHM,0,0.896,0.453,1.385,0.6835,0,0,0,0,0,6.09E-02,-0.683,1.215,
HINT2,1.975,2.391,2.214,2.531,2.27775,1.958,0,2.433,1.985,1.594,2.65E-01,-0.683,0.577,
NONO,5.803,1.658,0,0,1.86525,1.516,1.145,1.5,0.441,1.1505,6.26E-01,-0.715,0.203,
HNRNPH1,4.285,0.71,0,1.409,1.601,0.919,1.904,0.173,0.524,0.88,5.03E-01,-0.721,0.299,
SPEF2,0,1.727,2.013,0,0.935,0.815,0,0,0,0.20375,2.54E-01,-0.731,0.595,
STK33,0.326,4.599,4.144,4.097,3.2915,3.727,1.148,3.611,1.708,2.5485,5.56E-01,-0.743,0.255,
ANXA2,3.785,1.729,2.326,0.262,2.0255,0.702,1.273,1.465,1.68,1.28,3.64E-01,-0.746,0.439,
IARS,4.208,2.511,0,0.16,1.71975,1.545,1.298,0.089,0.942,0.9685,5.04E-01,-0.751,0.298,TRUE
GSDMA,0.33,3.985,3.227,0.786,2.082,0.905,1.888,0.806,1.662,1.31525,4.45E-01,-0.767,0.352,
PRDX2,2.686,2.032,2.439,1.344,2.12525,1.256,1.364,1.608,1.127,1.33875,4.44E-02,-0.787,1.353,
DPY30,4.987,2.371,1.173,1.091,2.4055,1.149,1.558,1.781,1.895,1.59575,4.14E-01,-0.81,0.383,
AKAP6,0,3.238,2.977,2.914,2.28225,0,3.134,2.721,0,1.46375,5.01E-01,-0.818,0.3,
AHNAK2,0,1.452,0.89,0.963,0.82625,0,0,0,0,0,3.41E-02,-0.826,1.468,
K22E_MOUSE,0,3.224,0.082,0,0.8265,0,0,0,0,0,3.41E-01,-0.826,0.467,
HNRNPD,4.799,3.599,2.082,0.225,2.67625,0.826,4.031,1.727,0.748,1.833,5.25E-01,-0.843,0.28,TRUE
NOMO2,5.328,1.624,0,0.231,1.79575,0.663,1.24,0.334,1.55,0.94675,5.26E-01,-0.849,0.279,
DMKN,0,0.796,2.625,0,0.85525,0,0.021,0,0,0.00525,2.19E-01,-0.85,0.66,
CST6,0,2.077,1.369,0,0.8615,0,0,0,0,0,1.47E-01,-0.862,0.832,
PFN1,8.119,5.718,0.622,0.929,3.847,4.02,4.639,1.392,1.875,2.9815,6.81E-01,-0.865,0.167,
USH1G,1.402,0,2.063,0,0.86625,0,0,0,0,0,1.46E-01,-0.866,0.837,
BTF3,6.251,3.948,0.106,0.878,2.79575,1.33,2.514,2.029,1.841,1.9285,5.69E-01,-0.867,0.245,
IQGAP1,5.257,2.794,2.296,1.523,2.9675,2.414,2.683,2.091,1.146,2.0835,3.51E-01,-0.884,0.455,
SALL3,0,1.106,1.115,1.475,0.924,0,0,0,0,0,2.77E-02,-0.924,1.557,
MGAT2,0,1.441,1.871,1.975,1.32175,0,0,0,1.466,0.3665,1.53E-01,-0.955,0.814,
HADH,5.757,3.596,0.259,0,2.403,2.048,1.244,0.854,1.627,1.44325,5.21E-01,-0.96,0.283,
VBP1,0,2.202,1.673,0,0.96875,0,0,0,0,0,1.40E-01,-0.969,0.854,
EXOSC10,4.721,0.138,2.651,0.146,1.914,0.739,0.886,1.076,0.979,0.92,4.05E-01,-0.994,0.393,
PHB2,3.531,1.87,1.27,0,1.66775,0,2.17,0.267,0.116,0.63825,2.94E-01,-1.03,0.532,
S100A2,8.644,5.919,3.752,3.824,5.53475,3.952,4.54,4.735,4.648,4.46875,3.96E-01,-1.066,0.403,
No Gene,5.187,5.411,7.345,0,4.48575,6.078,5.985,0.401,1.028,3.373,6.31E-01,-1.113,0.2,
VCP,8.335,5.291,4.484,4.468,5.6445,5.972,4.824,2.83,4.487,4.52825,3.59E-01,-1.116,0.445,
NAT10,5.299,2.363,1.661,0.226,2.38725,1.139,2.252,0.752,0.743,1.2215,3.40E-01,-1.166,0.468,
CTPS1,6.641,1.919,0.291,0,2.21275,0.86,1.417,0.419,1.431,1.03175,4.76E-01,-1.181,0.322,
SERPINH1,5.804,2.069,0.935,0,2.202,0.663,1.86,0.211,1.191,0.98125,3.91E-01,-1.221,0.408,
SNRPE,6.23,4.505,0.571,0.316,2.9055,1.579,1.427,1.294,2.288,1.647,4.28E-01,-1.259,0.368,
XIRP2,0.991,5.741,6.095,4.959,4.4465,5.801,5.776,0.946,0.143,3.1665,5.30E-01,-1.28,0.275,
LRPPRC,5.184,1.598,1.909,0.292,2.24575,0.734,1.975,0.251,0.832,0.948,2.84E-01,-1.298,0.547,TRUE
CASA1_BOVIN,0.887,1.587,2.409,6.214,2.77425,0,0.618,2.962,2.232,1.453,3.73E-01,-1.321,0.428,
FER,0,0,0,6.231,1.55775,0,0.367,0,0.549,0.229,4.28E-01,-1.329,0.368,
ANXA1,8.632,0.947,4.077,0,3.414,2.012,2.733,2.579,0.906,2.0575,5.21E-01,-1.357,0.283,
XPO1,7.016,0,0,2.007,2.25575,0.438,0.767,0.886,1.416,0.87675,4.40E-01,-1.379,0.357,
DIEXF,1.696,2.258,3.011,0.402,1.84175,0.941,0.313,0.371,0.037,0.4155,4.97E-02,-1.427,1.304,
GAPVD1,0,2.901,2.901,0,1.4505,0,0,0,0,0,1.34E-01,-1.45,0.873,
RBBP7,5.532,3.643,0.508,0.549,2.558,0.793,1.117,1.118,1.315,1.08575,2.79E-01,-1.472,0.554,
EZR,6.969,3.448,0.928,0.022,2.84175,1.129,3.325,0,0.979,1.35825,4.18E-01,-1.484,0.379,
AK2,7.531,4.179,0.544,1.549,3.45075,1.637,2.328,1.907,1.934,1.9515,3.76E-01,-1.499,0.425,
COPB2,5.093,3.695,0,0.614,2.3505,0.636,0.723,1.335,0.66,0.8385,2.66E-01,-1.512,0.576,
EGFL6,1.311,0,5.936,4.46,2.92675,1.862,1.056,1.123,1.491,1.383,3.07E-01,-1.544,0.512,
PGD,4.879,0,0,1.818,1.67425,0.44,0,0,0,0.11,2.25E-01,-1.564,0.648,
DNAJA1,6.046,0.751,0,0.067,1.716,0.205,0,0.258,0,0.11575,3.14E-01,-1.6,0.504,
HSPH1,8.721,8.689,8.938,8.32,8.667,7.057,6.971,6.614,7.624,7.0665,6.20E-04,-1.601,3.208,
XRCC6,5.259,0.676,0.573,0,1.627,0,0,0,0,0,2.31E-01,-1.627,0.637,
UBR3,11.898,11.997,0.731,0.062,6.172,2.157,2.033,12.079,1.875,4.536,7.09E-01,-1.636,0.149,
RPS2,2.454,1.559,1.07,1.514,1.64925,0,0,0,0,0,1.27E-03,-1.649,2.895,TRUE
HSPA9,3.503,3.34,3.2,2.507,3.1375,2.06,0,2.167,1.673,1.475,2.31E-02,-1.662,1.637,
TDP2,2.676,3.214,3.584,1.739,2.80325,2.9,1.656,0,0,1.139,8.60E-02,-1.664,1.066,
SDHA,7.39,1.404,4.138,2.854,3.9465,2.687,3.256,0,3.177,2.28,3.06E-01,-1.666,0.514,
RPN2,2.687,0.878,2.977,0.137,1.66975,0,0,0,0,0,5.20E-02,-1.67,1.284,
HNRNPA2B1,5.062,3.022,2.214,0.743,2.76025,0.64,0.477,0,3.165,1.0705,1.91E-01,-1.69,0.718,
IGLV8-61,0.302,0,3.899,2.644,1.71125,0,0,0,0,0,1.18E-01,-1.711,0.928,
RPL22,5.531,0,1.211,0.241,1.74575,0,0,0,0,0,2.24E-01,-1.746,0.649,TRUE
PYCR1,4.727,0,2.287,0,1.7535,0,0,0,0,0,1.71E-01,-1.753,0.767,
DDX21,5.958,0.314,2.712,3.555,3.13475,1.457,1.305,0.861,1.567,1.2975,1.69E-01,-1.837,0.772,
DNAH10,3.085,3.702,3.855,3.901,3.63575,0,3.533,0,3.612,1.78625,1.28E-01,-1.849,0.892,
CHD4,4.253,1.805,2.439,3.149,2.9115,0.492,0.722,1.415,1.437,1.0165,1.68E-02,-1.895,1.775,
HINT1,3.736,2.194,1.675,0,1.90125,0,0,0,0,0,4.86E-02,-1.901,1.314,
ACLY,6.826,2.628,2.552,0.985,3.24775,1.323,1.033,0.896,2.018,1.3175,1.81E-01,-1.93,0.742,
CTNNA1,6.507,3.788,0.186,0.087,2.642,0.489,1.302,0.426,0.614,0.70775,2.62E-01,-1.934,0.582,
H3F3B,5.4,2.35,0,0,1.9375,0,0,0,0,0,1.81E-01,-1.937,0.742,
SERBP1,5.598,3.775,2.039,0,2.853,1.033,1.565,0.62,0.403,0.90525,1.63E-01,-1.948,0.789,
THEM6,4.287,4.797,0.427,0.505,2.504,0.736,0.546,0.218,0.529,0.50725,1.43E-01,-1.996,0.844,
KRT82,6.04,8.35,9.027,0,5.85425,2.091,3.417,8.563,1.04,3.77775,4.62E-01,-2.077,0.335,
ATP5B,5.367,2.686,2.201,1.503,2.93925,1.394,0.578,1.468,0,0.86,6.34E-02,-2.079,1.198,
PSMA6,5.249,3.096,1.622,0.279,2.5615,0.696,1.163,0,0.052,0.47775,1.07E-01,-2.084,0.97,
HSPA6,6.415,6.996,0,0,3.35275,1.399,0.875,1.31,1.373,1.23925,3.19E-01,-2.113,0.497,
KRT18,8.885,5.088,1.087,0.119,3.79475,1.982,2.218,0.592,1.871,1.66575,3.37E-01,-2.129,0.472,
SYNCRIP,6.942,4.601,0,0,2.88575,0,1.695,0.277,1.035,0.75175,2.75E-01,-2.134,0.561,TRUE
ZNF784,0,6.091,2.238,0.373,2.1755,0,0,0,0,0,1.70E-01,-2.175,0.77,
DAPP1,2.67,3.162,3.317,3.128,3.06925,0,3.296,0,0,0.824,3.62E-02,-2.245,1.441,
CNTROB,0.513,12.24,12.855,0.94,6.637,2.13,0.905,1.846,12.402,4.32075,6.14E-01,-2.316,0.212,
ASS1,6.932,3.93,2.775,0,3.40925,1.524,1.55,1.105,0.18,1.08975,1.66E-01,-2.32,0.781,
EIF6,8.902,0,5.039,0.327,3.567,1.639,1.504,1.232,0.414,1.19725,3.10E-01,-2.37,0.509,TRUE
NPM1,6.822,3.451,1.137,0.868,3.0695,0,0,1.441,1.338,0.69475,1.49E-01,-2.374,0.826,TRUE
HNRNPU,7.352,5.993,0.207,1.455,3.75175,1.042,1.253,1.053,2.139,1.37175,2.22E-01,-2.38,0.654,
GLUL,3.238,4.141,4.183,3.874,3.859,2.421,0,1.815,1.679,1.47875,5.49E-03,-2.38,2.26,
GLUD1,7.041,5.32,0.324,1.084,3.44225,1.154,0.856,0.773,1.087,0.9675,1.80E-01,-2.475,0.746,
DSC3,3.374,0,3.82,3.13,2.581,0,0,0.119,0.021,0.035,2.67E-02,-2.546,1.573,
TLN2,7.592,8.985,8.327,7.944,8.212,5.694,6.205,5.2,5.22,5.57975,4.57E-04,-2.632,3.34,
PKM,6.538,3.989,3.643,2.081,4.06275,2.263,0.646,0,2.678,1.39675,5.53E-02,-2.666,1.258,
RPLP1,7.752,5.896,4.695,0,4.58575,2.222,2.096,1.412,1.83,1.89,1.56E-01,-2.696,0.807,TRUE
PHB,7.878,4.417,1.849,0,3.536,1.108,0.878,0,1.269,0.81375,1.67E-01,-2.722,0.778,
S100A6,6.816,7.775,1.231,0,3.9555,0.838,2.349,0.598,1.123,1.227,2.20E-01,-2.728,0.658,
TOR2A,0.382,4.735,5.075,5.67,3.9655,2.015,0.94,0.396,1.031,1.0955,6.24E-02,-2.87,1.205,
RLF,7.842,6.962,7.19,8.451,7.61125,2.471,2.096,6.673,7.672,4.728,9.70E-02,-2.883,1.013,
PRKDC,8.086,3.509,0.467,0.954,3.254,0,1.169,0.124,0.05,0.33575,1.49E-01,-2.918,0.825,
PAPD4,4.68,0.702,5.251,5.037,3.9175,0.887,1.611,0.439,1.003,0.985,3.78E-02,-2.932,1.422,
XRCC5,6.992,5.461,3.945,3.095,4.87325,3.246,0.195,0.068,3.653,1.7905,5.40E-02,-3.083,1.268,
FAM86B1,8.218,8.257,0,0.348,4.20575,0.662,1.653,0.776,1.086,1.04425,2.25E-01,-3.161,0.647,
SNRNP200,8.394,5.094,3.156,3.999,5.16075,1.469,2.141,1.604,2.059,1.81825,2.80E-02,-3.342,1.552,
HSPD1,6.623,6.621,4.284,2.611,5.03475,2.628,3.155,0.933,0,1.679,3.35E-02,-3.356,1.475,
EEF2,9.6,6.443,4.774,3.764,6.14525,3.905,0,3.883,3.241,2.75725,7.58E-02,-3.388,1.12,TRUE
LDHB,7.884,4.355,2.501,0.97,3.9275,1.734,0,0,0,0.4335,6.52E-02,-3.494,1.186,
P4HB,7.641,5.524,4.503,1.238,4.7265,1.413,1.509,1.029,0.851,1.2005,3.93E-02,-3.526,1.406,
EIF4A1,5.661,4.965,5.138,3.164,4.732,1.502,0,1.487,1.486,1.11875,1.54E-03,-3.613,2.813,TRUE
S100A11,7.667,3.774,3.526,0,3.74175,0,0,0.185,0,0.04625,5.65E-02,-3.695,1.248,
RPS7,9.269,6.029,2.812,2.965,5.26875,1.437,1.638,1.81,0.47,1.33875,4.48E-02,-3.93,1.349,TRUE
IPO7,11.003,7.786,5.148,5.001,7.2345,5.349,0,0.893,6.606,3.212,1.11E-01,-4.023,0.955,
ACTR3,11.493,8.335,8.31,3.433,7.89275,5.483,5.773,0,4.077,3.83325,1.05E-01,-4.059,0.977,
CPS1,8.763,4.834,3.258,2.416,4.81775,0.359,1.054,0,1.239,0.663,2.76E-02,-4.155,1.558,
DHX9,11.015,8.669,7.467,3.972,7.78075,5.009,5.356,3.557,0,3.4805,6.54E-02,-4.3,1.184,TRUE
LDHA,9.229,3.736,5.445,4.902,5.828,0.491,0,2.744,2.043,1.3195,1.57E-02,-4.509,1.804,
RBM3,9.485,6.823,5.097,4.643,6.512,2.35,1.884,1.216,2.36,1.9525,6.82E-03,-4.56,2.166,TRUE
HIST2H3A,10.193,6.791,0,3.652,5.159,0.511,1.168,0.516,0,0.54875,8.00E-02,-4.61,1.097,
SET,9.548,5.93,5.142,2.317,5.73425,1.273,1.357,0.848,0.932,1.1025,2.11E-02,-4.632,1.675,
HIST1H3A,9.853,6.998,6.568,0.444,5.96575,0.858,1.32,0.991,0.394,0.89075,4.34E-02,-5.075,1.363,
COX5A,9.911,6.591,6.24,5.087,6.95725,1.677,2.266,0.803,0.751,1.37425,2.26E-03,-5.583,2.646,
EIF5A,8.202,6.289,5.972,4.692,6.28875,1.005,0.539,0,1.246,0.6975,3.61E-04,-5.591,3.443,TRUE
PTBP1,11.378,7.582,7.078,6.456,8.1235,3.926,3.4,2.481,0,2.45175,6.93E-03,-5.672,2.159,
PRKRIR,6.171,6.513,7.091,6.934,6.67725,0.74,0.435,0.44,0.459,0.5185,2.16E-07,-6.159,6.851,
PLIN4,5.823,6.202,6.371,6.383,6.19475,0,0.004,0,0,0.001,2.82E-09,-6.194,8.229,
