Uniprot.ID,Symbol,Hu.Symbol,NVmean,NDmean,TVmean,TDmean,TVNVdir,NVND.adj,NVTV.adj,NVTD.adj,Tdrescue,J.Symbol,J.Uniprot,Fvalue,ANOVA,AS.pval.adj,AD.pval.adj,AS.sig,AD.sig,CT.log,AS.log,AD.log,AS.dir,AD.dir,AS.match,AD.match,AS.sigmat,AD.sigmat
A0A0A0MQA5,Tuba4a,TUBA4A,1.19,1.34325,1.98425,1.40375,up,0.492286617,0.042080533,0.269931828,resc,TUBA4A,P68366,4.113278774,0.02303287,0.748252775,0.025666304,ns,sig,0,-0.046677874,-0.16450952,down,down,unm,unm,no,no
A0A0A0MQM0,Eif5a,EIF5A,0.9475,0.9205,0.87375,0.90525,down,0.399076015,0.035361037,0.208499966,resc,EIF5A,P63241,2.765627397,0.073894756,0.989520403,0.118902331,ns,ns,0,-0.013106842,-0.151600417,down,down,match,match,no,no
A0A0G2JFX7,Rbm8a,RBM8A,0.98375,0.95375,0.861,0.92125,down,0.741055653,0.042948284,0.292362148,resc,RBM8A,Q9Y5S9,0.069522436,0.932941466,0.94563605,0.999816265,ns,ns,0,0.009097954,0.043354604,up,up,unm,unm,no,no
A0A0R4J1N9,Tfam,TFAM,1.02025,0.89625,0.80175,0.90975,down,0.228166298,0.038701539,0.193611676,resc,TFAM,Q00059,0.244088297,0.784472188,0.885801817,0.985111777,ns,ns,0,-0.156100133,0.01438623,down,up,match,unm,no,no
A0A1C7CYU3,Nucb1,NUCB1,1.04075,0.90475,0.796,0.8745,down,0.225882185,0.002705703,0.054414026,resc,NUCB1,Q02818,5.58766976,0.006879685,0.040299613,0.006460934,sig,sig,0,-0.405453904,-0.382763703,down,down,match,match,yes,yes
A0A1L1SQI7,Lysmd2,LYSMD2,1.038,0.959,0.91775,0.97075,down,0.208854752,0.020522954,0.207273993,resc,LYSMD2,Q8IV50,0.62812067,0.538531022,0.509991942,0.863715576,ns,ns,0,-0.199816888,-0.069008734,down,down,match,match,no,no
A0A1L1SV25,Actn4,ACTN4,1.03725,1.0715,1.246,1.0555,up,0.900741829,0.049092747,0.851076747,resc,ACTN4,K7EJH8,3.719753942,0.032168379,0.984625054,0.059529465,ns,ns,0,0.002089006,-0.367050003,up,down,match,unm,no,no
A0A1W2P6F6,Myl6,MYL6,0.971,0.8995,0.789,0.90625,down,0.157059458,0.01051296,0.35641471,resc,MYL6,F8W1R7,3.736216661,0.031718708,0.05086326,0.951769206,ns,ns,0,-0.203387506,-0.017919171,down,down,match,match,no,no
A0A1W2P701,Snx6,SNX6,1.01825,1.0755,1.282,1.0935,up,0.760322075,0.045295179,0.468741055,resc,SNX6,Q9UNH7,0.090126889,0.91398348,0.915951889,0.937321817,ns,ns,0,0.029605179,0.036531885,up,up,match,match,no,no
A0A1Y7VJ48,Tbca,TBCA,0.99775,0.92625,0.844,0.9535,down,0.235494289,0.033817853,0.52175198,resc,TBCA,E5RIW3,0.199187165,0.82013128,0.867013856,0.999720915,ns,ns,0,0.033832457,0.002772329,up,up,unm,unm,no,no
A0A3Q4EI12,Rab18,RAB18,1.242,1.39775,1.2955,1.25975,up,0.244231419,0.037393237,0.876115353,resc,RAB18,Q9NP72,3.274280773,0.047246022,0.498673043,0.422742481,ns,ns,0,0.045968196,-0.050701883,up,down,match,unm,no,no
A0A589M675,Shank3,SHANK3,1.07225,0.9035,0.9365,0.92125,down,0.174596941,0.019716917,0.041767135,nr,SHANK3,Q9BYB0-3,3.25203433,0.04817024,0.048814714,0.126393322,sig,ns,0,-0.436782273,-0.285599751,down,down,match,match,yes,no
A2AUD5,Tpd52l2,TPD52L2,1.0845,1.01925,0.9315,0.985,down,0.476344837,0.047791246,0.19821797,resc,TPD52L2,O43399-3,0.336885748,0.715815793,0.871449815,0.963948715,ns,ns,0,-0.024932893,0.024885258,down,up,match,unm,no,no
A2AVR9,Dynlrb1,DYNLRB1,1.17825,0.9395,0.68225,0.86575,down,0.254596693,0.040902416,0.119663601,resc,DYNLRB1,Q9NP97,1.558010251,0.221947183,0.982171352,0.27560618,ns,ns,0,-0.026658819,-0.131971476,down,down,match,match,no,no
A3KGU9,Sptan1,SPTAN1,0.95525,1.03475,1.0675,1.026,up,0.593859331,0.042948284,0.150975215,resc,SPTAN1,Q13813-3,0.173914905,0.840956562,0.830544275,0.968155257,ns,ns,0,0.088047853,0.047115786,up,up,match,match,no,no
B1ATL6,Map2k4,MAP2K4,1.036,1.16275,1.493,1.277,up,0.428368965,0.049816862,0.136860592,resc,MAP2K4,P45985,6.528191906,0.003290528,0.040615713,0.002567522,sig,sig,0,-0.115274338,-0.157897039,down,down,unm,unm,no,no
D3YYN7,Atp1a2,ATP1A2,0.96525,0.94775,1.22125,1.007,up,0.960169626,0.049092747,0.789977116,resc,ATP1A2,B1AKY9,1.621902609,0.209108524,0.976663448,0.367527457,ns,ns,0,0.011419252,-0.064692221,up,down,match,unm,no,no
D3Z396,Ntm,NTM,1.213,1.32775,1.133,1.12525,down,0.247480395,0.039458619,0.051382238,resc,NTM,Q9P121-4,3.276717743,0.047145912,0.493116358,0.038514078,ns,sig,0,-0.070765137,-0.166851201,down,down,match,match,no,yes
D3Z4C9,Uqcc2,UQCC2,1.029,0.95425,0.888,0.97,down,0.440666522,0.034906919,0.560263027,resc,UQCC2,V5IRT4,2.849306352,0.069396488,0.188617237,0.923814684,ns,ns,0,-0.265960407,0.087981356,down,up,match,unm,no,no
D3Z7C6,Ptges3,PTGES3,1.33625,1.1615,1.03475,1.014,down,0.162588394,0.015713219,0.024160471,nr,PTGES3,Q15185-4,2.160931359,0.127291148,0.106322524,0.522707051,ns,ns,0,-0.092807848,-0.043457972,down,down,match,match,no,no
E0CX61,Sgtb,SGTB,1.20425,1.1805,0.97625,1.076,down,0.873604292,0.049092747,0.149739848,resc,SGTB,Q96EQ0,5.38715477,0.008077311,0.817417929,0.061817921,ns,ns,0,0.049669301,-0.171957711,up,down,unm,match,no,no
E9PUL5,Prrt2,PRRT2,1.16275,1.2275,0.916,1.06175,down,0.476350089,0.027415745,0.224197051,resc,PRRT2,Q7Z6L0,2.866920853,0.067548345,0.37781202,0.053653214,ns,ns,0,-0.147361191,-0.231418976,down,down,match,match,no,no
E9PV44,Atpif1,ATPIF1,1.03275,0.92875,0.75475,0.821,down,0.224922602,0.016547582,0.025300189,nr,ATPIF1,Q9UII2,3.846461078,0.028871879,0.040662544,0.055598517,sig,ns,0,0.521121443,0.52587595,up,up,unm,unm,no,no
E9PWE8,Dpysl3,DPYSL3,0.92525,0.949,1.20725,1.08925,up,0.584315723,0.044554932,0.015928116,nr,DPYSL3,Q14195-2,0.705343524,0.499437656,0.999994759,0.592099118,ns,ns,0,-0.012533444,0.070607206,down,up,unm,match,no,no
E9Q1K3,Add1,ADD1,0.973,1.052,1.20425,1.0675,up,0.342214855,0.046786997,0.20227608,resc,ADD1,P35611-6,3.696070119,0.032827014,0.033862198,0.721788147,sig,ns,0,-0.117683973,-0.02918597,down,down,unm,unm,no,no
E9Q4K0,Ablim2,ABLIM2,1.171,1.021,0.944,1.00175,down,0.184139465,0.00780182,0.015928116,nr,ABLIM2,Q6H8Q1-2,5.728579632,0.006150229,0.920506104,0.012026793,ns,sig,0,-0.034393465,-0.21097764,down,down,match,match,no,yes
F6VQH5,Hnrnpdl,HNRNPDL,1.0075,0.90025,0.859,0.899,down,0.305275288,0.025817465,0.192027851,resc,HNRNPDL,O14979-3,0.294813952,0.746129518,0.801684594,0.75687331,ns,ns,0,-0.045395136,-0.052822959,down,down,match,match,no,no
F7BJK1,Pcdh1,PCDH1,1.13825,1.10725,0.97575,1.00075,down,0.530696817,0.022692397,0.041767135,nr,PCDH1,Q08174-2,8.818062659,0.000601979,0.061680827,0.000371059,ns,sig,0,-0.201205617,-0.346393378,down,down,match,match,no,yes
G3UVV4,Hk1,HK1,0.987,1.026,1.2345,1.06375,up,0.711878543,0.040902416,0.307513264,resc,HK1,P19367,0.646990828,0.528527861,0.829311796,0.497548161,ns,ns,0,-0.037277742,-0.072332677,down,down,unm,unm,no,no
G3UW85,Erh,ERH,1.1225,1.0295,0.79675,0.95,down,0.593859331,0.044042841,0.158674319,resc,ERH,P84090,0.411158225,0.665402364,0.936834815,0.87088342,ns,ns,0,-0.017366639,0.030477721,down,up,match,unm,no,no
G3UYV7,Rps28,RPS28,1.17125,1.04875,1.03575,1.104,down,0.080125509,0.031004854,0.136098387,resc,RPS28,P62857,2.087222987,0.1361416,0.566137983,0.115067827,ns,ns,0,0.138534903,0.218322385,up,up,unm,unm,no,no
G3XA25,Acat2,ACAT2,1.1725,1.2235,1.3055,1.1735,up,0.286728038,0.019394671,0.989822429,resc,ACAT2,Q9BWD1,2.841568038,0.069081356,0.809681161,0.274365059,ns,ns,0,-0.070132562,0.105410583,down,up,unm,match,no,no
H7BX95,Srsf1,SRSF1,1.26925,1.111,1.0385,1.0205,down,0.220256633,0.01051296,0.008644539,nr,SRSF1,Q07955,2.595025873,0.086031746,0.764703165,0.084490898,ns,ns,0,0.181139601,0.290661261,up,up,unm,unm,no,no
J3QQ44,Sh3gl3,SH3GL3,1.071,1.08075,0.967,0.9965,down,0.797427452,0.016683533,0.094208001,resc,SH3GL3,Q99963-4,3.459277621,0.040242531,0.056751613,0.070213472,ns,ns,0,-0.170322657,-0.156088031,down,down,match,match,no,no
O08553,Dpysl2,DPYSL2,0.85925,0.93325,1.14475,1.0855,up,0.054296725,0.014715282,5.91E-06,nr,DPYSL2,Q16555,4.047125068,0.024354739,0.880477878,0.111847666,ns,ns,0,0.022138856,-0.089378645,up,down,match,unm,no,no
O08585,Clta,CLTA,1.00025,0.97225,0.85275,0.906,down,0.506963176,0.014397038,0.070312194,resc,CLTA,P09496-3,2.65468615,0.081566242,0.073963846,0.226697816,ns,ns,0,-0.185272651,-0.141241923,down,down,match,match,no,no
O08997,Atox1,ATOX1,1.05175,0.86575,0.7505,0.86175,down,0.111659004,0.016581449,0.062966698,resc,ATOX1,O00244,4.187179872,0.021644467,0.782851417,0.025613373,ns,sig,0,-0.057824601,-0.237466022,down,down,match,match,no,yes
O09111,Ndufb11,NDUFB11,1.153,1.0465,0.8835,0.9285,down,0.095767414,0.004879824,0.015928116,nr,NDUFB11,Q9NX14,0.488174976,0.617445516,0.649211238,0.689489338,ns,ns,0,-0.094795087,-0.064193844,down,down,match,match,no,no
O35658,C1qbp,C1QBP,1.09575,0.95875,0.8335,0.8895,down,0.111659004,0.008535317,0.027321566,nr,C1QBP,Q07021,1.253588342,0.295474101,0.893969743,0.296167988,ns,ns,0,-0.035111533,-0.113030018,down,down,match,match,no,no
O35685,Nudc,NUDC,1.11525,1.03425,0.944,0.972,down,0.217524271,0.016943601,0.035394722,nr,NUDC,Q9Y266,0.012348145,0.987731202,0.991597198,0.987742008,ns,ns,0,0.005128527,0.002144387,up,up,unm,unm,no,no
O35887,Calu,CALU,0.9315,0.81475,0.81925,0.85625,down,0.204185253,0.019394671,0.302437099,resc,CALU,O43852,1.035418,0.363567318,0.9321778,0.609400086,ns,ns,0,-0.027308016,0.064669672,down,up,match,unm,no,no
O55022,Pgrmc1,PGRMC1,1.10075,1.069,0.99075,0.9935,down,0.464875327,0.015575788,0.022217972,nr,PGRMC1,O00264,0.428835286,0.653959877,0.949805877,0.845772134,ns,ns,0,-0.01895373,0.044172795,down,up,match,unm,no,no
O55042,Snca,SNCA,1.22775,1.13175,0.8355,0.99875,down,0.395634796,0.016943601,0.070312194,resc,SNCA,P37840-2,11.12686603,0.000122838,0.038953347,7.18E-05,sig,sig,0,-0.22704601,-0.398475918,down,down,match,match,yes,yes
O70166,Stmn3,STMN3,1.09825,1.06925,0.89625,1.03425,down,0.748792908,0.044042841,0.395430086,resc,STMN3,Q9NZ72-2,3.686895277,0.033085937,0.055180258,0.051231698,ns,ns,0,-0.298173307,-0.287889986,down,down,match,match,no,no
O70251,Eef1b,EEF1B,1.01625,0.985,0.891,0.9145,down,0.523937835,0.025444233,0.093962032,resc,EEF1B2,P24534,1.859048022,0.16785355,0.227712055,0.204226633,ns,ns,0,-0.121830078,-0.115366871,down,down,match,match,no,no
O70591,Pfdn2,PFDN2,1.035,0.915,0.79825,0.88425,down,0.111659004,0.01051296,0.066895798,resc,PFDN2,Q9UHV9,1.260272744,0.293611672,0.399655236,0.999858131,ns,ns,0,0.138817478,0.009453632,up,up,unm,unm,no,no
O88569,Hnrnpa2b1,HNRNPA2B1,1.08075,0.9445,0.962,0.9735,down,0.123451736,0.016943601,0.089147378,resc,HNRNPA2B1,P22626,1.432745322,0.249568164,0.886629963,0.252396074,ns,ns,0,0.025508387,0.076397317,up,up,unm,unm,no,no
O88685,Psmc3,PSMC3,0.8915,0.956,1.01725,1.0055,up,0.123451736,0.01459713,0.089147378,resc,PSMC3,R4GNH3,1.532595552,0.227280775,0.749862575,0.20694903,ns,ns,0,0.058422436,0.120500239,up,up,match,match,no,no
O88844,Idh1,IDH1,0.8965,1.039,1.44425,1.16125,up,0.444067231,0.020933223,0.114951316,resc,IDH1,O75874,1.985320988,0.149450444,0.313346199,0.140416383,ns,ns,0,0.151016788,0.185219912,up,up,match,match,no,no
P04925,Prnp,PRNP,1.0785,0.9285,0.9105,0.966,down,0.102569045,0.022729021,0.19483414,resc,PRNP,P04156-2,4.192238321,0.02155269,0.943658099,0.082176591,ns,ns,0,-0.051339763,0.20443329,down,up,match,unm,no,no
P05063,Aldoc,ALDOC,1.0055,1.033,1.21725,1.136,up,0.48503869,0.025444233,0.03358595,nr,ALDOC,P09972,0.053982511,0.947511325,0.949572446,0.960710074,ns,ns,0,0.014640849,0.014688813,up,up,match,match,no,no
P06745,Gpi,GPI,0.955,1.1245,1.344,1.14875,up,0.187760115,0.038665255,0.186178192,resc,GPI,P06744,0.658474837,0.522665887,0.903450409,0.798783447,ns,ns,0,-0.022340658,0.02502858,down,up,unm,match,no,no
P06837,Gap43,GAP43,0.82625,0.77625,0.61425,0.66925,down,0.457158601,0.010033139,0.118105282,resc,GAP43,P17677,2.323613192,0.109819897,0.378229943,0.091659074,ns,ns,0,-0.158446964,-0.202364415,down,down,match,match,no,no
P09411,Pgk1,PGK1,0.83425,1.0225,1.178,1.0465,up,0.054954442,0.019638669,0.012715531,nr,PGK1,P00558,0.915020899,0.407993561,0.394871136,0.884838424,ns,ns,0,0.064332931,0.025855278,up,up,match,match,no,no
P10126,Eef1a1,EEF1A1,1.01725,0.9385,1.2465,1.03425,up,0.48503869,0.044042841,0.876115353,resc,EEF1A1,P68104,2.624172458,0.083819064,0.999996176,0.151083397,ns,ns,0,0.002236333,0.115288113,up,up,match,match,no,no
P10649,Gstm1,GSTM1,0.80825,0.832,1.00425,1.04275,up,0.668166014,0.023788299,2.63E-05,nr,GSTM1,P09488,0.826152747,0.444557782,0.986404812,0.613476563,ns,ns,0,0.430268384,-1.088555228,up,down,match,unm,no,no
P10852,Slc3a2,SLC3A2,1.07375,1.20825,1.24825,1.16125,up,0.069701743,0.046110512,0.114786779,resc,SLC3A2,P08195-2,1.081228002,0.348018983,0.316130495,0.737643287,ns,ns,0,-0.073864655,-0.026661683,down,down,unm,unm,no,no
P11031,Sub1,SUB1,1.144,0.9965,0.84925,0.9395,down,0.510514461,0.006903068,0.015299072,nr,SUB1,P53999,3.455537337,0.040372818,0.031426463,0.391517079,sig,ns,0,-0.226915937,-0.106239303,down,down,match,match,yes,no
P11798,Camk2a,CAMK2A,1.10325,1.3555,1.565,1.38275,up,0.375805734,0.023058822,0.264435628,resc,CAMK2A,Q9UQM7,3.651441224,0.034106725,0.132421296,0.030344211,ns,sig,0,-0.145529072,-0.182880712,down,down,unm,unm,no,no
P14206,Rpsa,RPSA,1.14075,1.02925,0.9855,1.00725,down,0.06802612,0.015597304,0.015364236,nr,RPSA,C9J9K3,0.148851622,0.862129042,0.862375538,0.987293983,ns,ns,0,0.030830583,0.00663442,up,up,unm,unm,no,no
P14231,Atp1b2,ATP1B2,1.02475,1.12475,1.26175,1.15275,up,0.155750401,0.002705703,0.069204817,resc,ATP1B2,P14415,0.427427996,0.654863244,0.74766725,0.655900654,ns,ns,0,-0.037894325,-0.047575277,down,down,unm,unm,no,no
P16125,Ldhb,LDHB,0.965,1.21475,1.3585,1.2715,up,0.09026666,0.013977064,0.003755979,nr,LDHB,P07195,0.417651908,0.661174825,0.993951728,0.698479853,ns,ns,0,0.004828167,0.042394535,up,up,match,match,no,no
P16330,Cnp,CNP,0.97975,1.03425,1.4285,1.31375,up,0.716385478,0.004879824,0.152650047,resc,CNP,P09543,1.638618725,0.205879389,0.204965199,0.855287287,ns,ns,0,0.378073257,0.115134882,up,up,match,match,no,no
P17156,Hspa2,HSPA2,0.94,0.999,1.0905,0.99725,up,0.235782993,0.035417585,0.178148603,resc,HSPA2,P54652,1.031438583,0.364951821,0.331608648,0.718199444,ns,ns,0,0.325925723,0.136238219,up,up,match,match,no,no
P17182,Eno1,ENO1,0.8945,0.99225,1.0345,0.9905,up,0.080125509,0.022355225,0.070312194,resc,ENO1,P06733,5.557873973,0.007045201,0.954915456,0.015190157,ns,sig,0,0.018909806,0.291135481,up,up,match,match,no,yes
P19536,Cox5b,COX5B,1.04975,0.88925,0.75225,0.84725,down,0.305022343,0.044521828,0.118677021,resc,COX5B,P10606,2.649326309,0.081957328,0.594307721,0.070187982,ns,ns,0,-0.068267468,-0.156974217,down,down,match,match,no,no
P19783,Cox4i1,COX4I1,1.2765,1.257,0.94075,1.10775,down,0.906138092,0.036950174,0.197541648,resc,COX4I1,P13073,0.848753159,0.434834354,0.555629534,0.997603069,ns,ns,0,-0.100688121,-0.003180527,down,down,match,match,no,no
P21107-2,Tpm3,TPM3,1.1575,1.0805,0.8225,0.8265,down,0.38286592,0.02383435,0.002339055,nr,TPM3,P06753-6,0.135832716,0.873370598,0.961438836,0.86203031,ns,ns,0,0.0242301,0.052616342,up,up,unm,unm,no,no
P23242,Gja1,GJA1,1.1805,1.167,1.29975,1.24775,up,0.785454734,0.033817853,0.372940078,resc,GJA1,P17302,8.5339937,0.000738005,0.96683302,0.002601767,ns,sig,0,0.02112507,0.394994533,up,up,match,match,no,yes
P26443,Glud1,GLUD1,0.72225,0.83275,1.2315,0.99975,up,0.230770729,0.037895329,0.023443452,nr,GLUD1,P00367,3.554900717,0.03705669,0.038040698,0.728551379,sig,ns,0,-0.141686726,-0.040989242,down,down,unm,unm,no,no
P26883,Fkbp1a,FKBP1A,1.0585,1.06925,0.85625,0.9405,down,0.83412388,0.035527205,0.050099328,resc,FKBP1A,P62942,11.59990581,8.99E-05,0.002118249,8.62E-05,sig,sig,0,-0.302129131,-0.370661294,down,down,match,match,yes,yes
P28667,Marcksl1,MARCKSL1,1.4085,1.2645,0.89225,0.8465,down,0.523058051,0.002705703,0.00220957,nr,MARCKSL1,P49006,1.196712574,0.311829552,0.699810413,0.799462335,ns,ns,0,0.173949121,-0.019103854,up,down,unm,match,no,no
P29595,Nedd8,NEDD8,1.05,0.87075,0.68925,0.84275,down,0.228166298,0.025817465,0.118105282,resc,NEDD8,Q15843,2.416657669,0.100972304,0.933917501,0.125472348,ns,ns,0,-0.177748809,-0.541070642,down,down,match,match,no,no
P29758,Oat,OAT,0.77025,0.753,1.07225,1.04,up,0.84246252,0.019394671,0.089147378,resc,OAT,P04181,2.189726036,0.123998972,0.986751483,0.239505256,ns,ns,0,0.015253906,-0.158595252,up,down,match,unm,no,no
P31938,Map2k1,MAP2K1,1.01525,1.16025,1.32525,1.17775,up,0.088432074,0.023939729,0.097221892,resc,MAP2K1,Q02750,1.511819782,0.231740322,0.342499783,0.998874724,ns,ns,0,-0.086521248,0.015646121,down,up,unm,match,no,no
P35486,Pdha1,PDHA1,0.93325,1.0865,1.2215,1.11,up,0.061250385,0.045295179,0.012715531,nr,PDHA1,P08559,2.64062952,0.082596073,0.685993249,0.075527388,ns,ns,0,-0.055137461,-0.157332163,down,down,unm,unm,no,no
P46638,Rab11b,RAB11B,1.2165,1.12825,0.963,1.0535,down,0.121031413,0.005413199,0.019279453,nr,RAB11B,Q15907,2.671172248,0.080375502,0.087242426,0.839501807,ns,ns,0,-0.08448855,-0.016836583,down,down,match,match,no,no
P47738,Aldh2,ALDH2,0.8455,1.114,1.24875,1.212,up,0.09026666,0.015575788,0.015928116,nr,ALDH2,P05091,0.365267604,0.69609546,0.736633072,0.727948206,ns,ns,0,-0.039179945,-0.035652057,down,down,unm,unm,no,no
P50396,Gdi1,GDI1,1.04575,1.2015,1.40875,1.21075,up,0.252561997,0.036950174,0.138009553,resc,GDI1,P31150,0.964453085,0.389103043,0.943306363,0.62100453,ns,ns,0,0.009995995,-0.034854741,up,down,match,unm,no,no
P50518,Atp6v1e1,ATP6V1E1,1.095,1.07075,0.97575,1.083,down,0.671590995,0.00897913,0.76598083,resc,ATP6V1E1,P36543,3.863211649,0.028463283,0.203208587,0.021814331,ns,sig,0,-0.098052533,-0.152974608,down,down,match,match,no,yes
P51859,Hdgf,HDGF,1.08725,0.9555,0.8505,0.8805,down,0.228975188,0.047871997,0.088227582,resc,HDGF,P51858,2.759647138,0.074288409,0.162796338,0.988060922,ns,ns,0,0.164201688,-0.017774,up,down,unm,match,no,no
P51863,Atp6v0d1,ATP6V0D1,1.0735,1.2955,1.455,1.232,up,0.164335654,0.043824768,0.219891333,resc,ATP6V0D1,P61421,2.135168413,0.130314169,0.122730011,0.284188315,ns,ns,0,-0.182687494,-0.133580271,down,down,unm,unm,no,no
P52480-2,Pkm,PKM,0.944,1.117,1.521,1.20775,up,0.342483495,0.046036784,0.119663601,resc,PKM,P14618,6.118030568,0.004525132,0.028980937,0.004351843,sig,sig,0,0.103869681,0.125858795,up,up,match,match,yes,yes
P52503,Ndufs6,NDUFS6,1.01475,0.91025,0.82575,0.874,down,0.182717725,0.019394671,0.065290149,resc,NDUFS6,O75380,2.142356444,0.129463251,0.999993822,0.212034122,ns,ns,0,0.015702669,-0.130844526,up,down,unm,match,no,no
P54071,Idh2,IDH2,0.9335,1.13575,1.281,1.1915,up,0.353616174,0.004879824,0.023042602,nr,IDH2,P48735,10.06348633,0.000251804,0.142841443,0.000176469,ns,sig,0,-0.097577855,-0.228578433,down,down,unm,unm,no,no
P54227,Stmn1,STMN1,0.95275,0.83975,0.7865,0.86575,down,0.070213159,0.015154175,0.119188055,resc,STMN1,P16949,5.6438147,0.006578753,0.994905819,0.024331722,ns,sig,0,-0.007573726,-0.205443881,down,down,match,match,no,yes
P56480,Atp5f1b,ATP5B,1.26925,1.11925,0.96925,1.00325,down,0.06802612,0.008535317,0.015928116,nr,ATP5B,P06576,2.659335114,0.081228606,0.932768465,0.22127665,ns,ns,0,0.016298697,-0.097262024,up,down,unm,match,no,no
P56812,Pdcd5,PDCD5,1.06,0.96375,0.8315,0.9255,down,0.06802612,0.002705703,0.123016835,resc,PDCD5,O14737,2.071269042,0.138140577,0.737423971,0.489212553,ns,ns,0,0.062153149,-0.080174208,up,down,unm,match,no,no
P57759,Erp29,ERP29,1.15075,1.0245,0.94575,0.9875,down,0.131977043,0.004632504,0.012715531,nr,ERP29,P30040,1.30500115,0.281460948,0.985398634,0.4367525,ns,ns,0,-0.009219908,0.062493202,down,up,match,unm,no,no
P60202,Plp1,PLP1,1.162,1.23575,1.5475,1.32125,up,0.783949636,0.025444233,0.34238248,resc,PLP1,P60201,2.050613983,0.14077427,0.206565635,0.995278518,ns,ns,0,0.372792291,0.024245347,up,up,match,match,no,no
P60335,Pcbp1,PCBP1,0.8835,0.90675,0.9535,0.97825,up,0.315486349,0.014715282,0.148477937,resc,PCBP1,Q15365,5.63294207,0.006635936,0.978506947,0.028470686,ns,sig,0,0.005988181,-0.108321168,up,down,match,unm,no,no
P60710,Actb,ACTB,1.1165,1.32175,1.33425,1.247,up,0.115096888,0.033817853,0.133546182,resc,ACTB,P60709,3.768833607,0.030847092,0.040486007,0.063449671,sig,ns,0,-0.063893787,-0.053757586,down,down,unm,unm,no,no
P60761,Nrgn,NRGN,1.1925,1.126,0.852,0.98075,down,0.64952291,0.030424369,0.126770266,resc,NRGN,Q92686,0.047390185,0.95376381,0.989932229,0.987186511,ns,ns,0,-0.103632609,-0.126071726,down,down,match,match,no,no
P60879,Snap25,SNAP25,1.1465,1.06,1.0075,1.03375,down,0.131977043,0.018763768,0.04666298,nr,SNAP25,P60880,6.817426908,0.002635631,0.988159016,0.012983268,ns,sig,0,0.014983474,-0.224883468,up,down,unm,match,no,yes
P61089,Ube2n,UBE2N,1.018,0.96975,0.84975,0.92975,down,0.174596941,0.019638669,0.059598402,resc,UBE2N,P61088,0.08808198,0.915846851,0.913190605,0.989142997,ns,ns,0,0.012349716,0.00738878,up,up,unm,unm,no,no
P62259,Ywhae,YWHAE,1.07225,1.0175,0.97575,1.005,down,0.073239966,0.011051767,0.024160471,nr,YWHAE,P62258,4.289812265,0.019859774,0.014596263,0.214864602,sig,ns,0,-0.099534217,-0.051504208,down,down,match,match,yes,no
P62761,Vsnl1,VSNL1,0.97375,0.8295,0.759,0.84625,down,0.149044829,0.040978868,0.18437999,resc,VSNL1,P62760,8.958681633,0.000544609,0.377514468,0.035814736,ns,sig,0,0.052795093,-0.104686522,up,down,unm,match,no,yes
P62869,Elob,TCEB2,1.113,0.971,0.876,0.94,down,0.1707052,0.044042841,0.074654844,resc,TCEB2,Q15370,1.576766719,0.218094924,0.999900222,0.311125273,ns,ns,0,-0.001412635,-0.064754739,down,down,match,match,no,no
P62897,Cycs,CYCS,1.17775,1.12925,0.98225,1.128,down,0.530696817,0.046275456,0.448688778,resc,CYCS,C9JFR7,2.68789807,0.079186005,0.205442287,0.074250869,ns,ns,0,-0.134751171,-0.160275742,down,down,match,match,no,no
P63017,Hspa8,HSPA8,0.97725,1.026,1.054,1.01625,up,0.18912261,0.004632504,0.026934145,nr,HSPA8,A8K7Q2,1.137347683,0.329913721,0.303653026,0.574929325,ns,ns,0,0.15408677,0.115813647,up,up,match,match,no,no
P63040,Cplx1,CPLX1,0.9745,0.92125,0.6925,0.795,down,0.661233783,0.019394671,0.075603401,resc,CPLX1,O14810,1.684709971,0.197242917,0.483364385,0.172241933,ns,ns,0,-0.192625683,-0.268113295,down,down,match,match,no,no
P63054,Pcp4,PCP4,0.963,0.80775,0.63975,0.76,down,0.242897544,0.019394671,0.079774446,resc,PCP4,P48539,2.775873059,0.073479712,0.978692701,0.108382463,ns,ns,0,-0.024952018,-0.426127559,down,down,match,match,no,no
P63101,Ywhaz,YWHAZ,1.08975,1.07375,1.002,1.02425,down,0.541056795,0.046110512,0.092819003,resc,YWHAZ,P63104,5.064622507,0.010482275,0.029927424,0.013786407,sig,sig,0,-0.133398227,-0.136419281,down,down,match,match,yes,yes
P63321,Rala,RALA,1.29875,1.19725,0.983,1.01525,down,0.506963176,0.049816862,0.081532625,resc,RALA,P11233,3.030952423,0.058451644,0.050344388,0.208364138,ns,ns,0,-0.201954615,-0.121454735,down,down,match,match,no,no
P67778,Phb,PHB,1.329,1.3625,1.10025,1.17475,down,0.816516455,0.03947626,0.127045078,resc,PHB,P35232,2.467342263,0.09646937,0.132048923,0.135346771,ns,ns,0,-0.130543501,-0.124317165,down,down,match,match,no,no
P68369,Tuba1a,TUBA1A,1.1185,1.30025,2.0655,1.398,up,0.410872977,0.046197169,0.10051447,resc,TUBA1A,Q71U36,5.694825219,0.006317266,0.842675233,0.048017471,ns,sig,0,0.044324492,-0.242233462,up,down,match,unm,no,no
P70349,Hint1,HINT1,0.88975,0.87625,0.768,0.82,down,0.785454734,0.027415745,0.121283574,resc,HINT1,P49773,6.252906161,0.00407296,0.991238364,0.012174179,ns,sig,0,-0.01482937,-0.173051841,down,down,match,match,no,yes
P70441,Slc9a3r1,SLC9A3R1,1.14425,0.99025,0.93675,0.982,down,0.123575362,0.01950959,0.143030609,resc,SLC9A3R1,O14745,1.794303338,0.178194015,0.199205958,0.925636863,ns,ns,0,0.14948776,0.01313025,up,up,unm,unm,no,no
P70670,Naca,NACA,1.1765,1.00825,0.89525,0.984,down,0.111659004,0.021878554,0.054414026,resc,NACA,E9PAV3,1.060905609,0.354828992,0.615246419,0.325779163,ns,ns,0,-0.081869032,-0.126026242,down,down,match,match,no,no
P80314,Cct2,CCT2,0.8755,0.97075,1.113,1.05375,up,0.223951063,0.022872709,0.059865924,resc,CCT2,P78371,4.173817476,0.021888875,0.46705543,0.017999855,ns,sig,0,-0.044293123,-0.096072341,down,down,unm,unm,no,no
P84075,Hpca,HPCA,0.856,0.808,0.67725,0.7265,down,0.420236903,0.027415745,0.050099328,resc,HPCA,P84074,6.960068525,0.00236433,0.433235266,0.002204948,ns,sig,0,-0.127939376,-0.388514588,down,down,match,match,no,yes
P84086,Cplx2,CPLX2,1.1735,1.10925,0.75425,0.90875,down,0.4649502,0.01051296,0.013299029,nr,CPLX2,Q6PUV4,3.136727087,0.053272971,0.177530392,0.047506161,ns,sig,0,-0.148270888,-0.19621898,down,down,match,match,no,yes
P84104,Srsf3,SRSF3,1.05575,0.98875,0.887,0.95,down,0.444067231,0.012024061,0.18872937,resc,SRSF3,P84103-2,1.852376422,0.168889473,0.772175492,0.516943076,ns,ns,0,-0.042559821,0.050753822,down,up,match,unm,no,no
P97384,Anxa11,ANXA11,1.18375,1.14625,1.0815,1.09025,down,0.329547527,0.025817465,0.049836449,nr,ANXA11,P50995-2,3.898880214,0.027613233,0.020903806,0.334969243,sig,ns,0,-0.282887681,-0.118237291,down,down,match,match,yes,no
P97427,Crmp1,CRMP1,0.78575,0.773,0.9825,0.937,up,0.913949616,0.045489811,0.151948918,resc,CRMP1,Q14194-2,11.4553049,9.89E-05,0.487085533,0.000146652,ns,sig,0,-0.059500488,-0.213353979,down,down,unm,unm,no,no
P99027,Rplp2,RPLP2,0.97675,0.866,0.84425,0.8345,down,0.100562799,0.038511711,0.059598402,resc,RPLP2,P05387,1.638510858,0.205900058,0.591556474,0.760020887,ns,ns,0,-0.084539032,0.049504309,down,up,match,unm,no,no
P99028,Uqcrh,UQCRH,1.084,0.9745,0.91375,0.96825,down,0.090847767,0.004632504,0.013299029,nr,UQCRH,P07919,0.317226524,0.729817213,0.708723121,0.872270912,ns,ns,0,-0.070260766,-0.035239151,down,down,match,match,no,no
Q01853,Vcp,VCP,0.95,0.983,1.2855,1.10625,up,0.717070491,0.022872709,0.010247882,nr,VCP,P55072,2.344817384,0.107734677,0.158666873,0.987825062,ns,ns,0,-0.071519704,-0.00579892,down,down,unm,unm,no,no
Q04447,Ckb,CKB,0.8465,0.865,0.93525,0.952,up,0.114832058,0.019716917,0.082231663,resc,CKB,P12277,0.470857862,0.627576424,0.827271051,0.60015025,ns,ns,0,0.019635401,0.033281406,up,up,match,match,no,no
Q07076,Anxa7,ANXA7,1.04475,1.11175,1.18325,1.1745,up,0.184139465,0.048626226,0.017498269,nr,ANXA7,P20073-2,0.152528234,0.858986633,0.977563802,0.947942624,ns,ns,0,-0.006389145,0.018827936,down,up,unm,match,no,no
Q11136,Pepd,PEPD,0.9885,0.98975,1.3525,1.0825,up,0.997549738,0.02673076,0.50212629,resc,PEPD,P12955,9.255769734,0.000453947,0.791784334,0.009738444,ns,sig,0,-0.0615336,0.646837326,down,up,unm,match,no,yes
Q3TDK6,Rogdi,ROGDI,1.065,1.21175,0.7525,0.957,down,0.327974345,0.042948284,0.264435628,resc,ROGDI,Q9GZN7,3.353839668,0.044089656,0.78378273,0.047672152,ns,sig,0,-0.063284089,-0.283191721,down,down,match,match,no,yes
Q3TXX4,Slc17a7,SLC17A7,0.873,1.04025,1.377,0.97075,up,0.49137591,0.04509199,0.665912078,resc,SLC17A7,Q9P2U7,1.815056586,0.174808839,0.213620455,0.233245583,ns,ns,0,-0.162520698,-0.155211999,down,down,unm,unm,no,no
Q3U0V1,Khsrp,KHSRP,0.8795,0.85525,0.816,0.8855,up,0.723276864,0.049478426,0.939796773,resc,KHSRP,A0A087WTP3,0.317320626,0.729749516,0.897449428,0.951892624,ns,ns,0,0.034318436,-0.049753861,up,down,match,unm,no,no
Q3UJB0,Sf3b2,SF3B2,1.0825,1.09275,1.00925,1.021,down,0.979013864,0.039387444,0.259145253,resc,SF3B2,A0A087WZZ5,0.447310389,0.642428292,0.999493659,0.697358083,ns,ns,0,-0.044837608,0.088273721,down,up,match,unm,no,no
Q3UM45,Ppp1r7,PPP1R7,1.1625,1.15,1.02,1.04525,down,0.874464363,0.022355225,0.050343338,resc,PPP1R7,Q15435,9.988581723,0.0002651,0.947131403,0.001025894,ns,sig,0,-0.012098126,-0.165698653,down,down,match,match,no,yes
Q3UN10,Wfs1,WFS1,1.143,0.88675,0.864,0.98575,down,0.087537839,0.027599198,0.126770266,resc,WFS1,O76024,0.445339094,0.643528118,0.861395238,0.615933246,ns,ns,0,0.11213277,0.176219151,up,up,unm,unm,no,no
Q3UNH4,Gprin1,GPRIN1,1.2545,1.253,0.94575,1.00025,down,0.995836811,0.002705703,0.00220957,nr,GPRIN1,Q7Z2K8,2.638029366,0.083323703,0.121672495,0.118684828,ns,ns,0,-0.480030732,-0.389338235,down,down,match,match,no,no
Q4VAA2,Cdv3,CDV3,1.00675,0.8825,0.79475,0.85125,down,0.100562799,0.019716917,0.050099328,resc,CDV3,Q9UKY7-2,1.151080265,0.326549367,0.313178433,0.881340071,ns,ns,0,-0.147489071,-0.004612132,down,down,match,match,no,no
Q5UE59,Klc1,KLC1,0.8535,0.9605,1.19725,1.137,up,0.242897544,0.005413199,0.019279453,nr,KLC1,G3V2E7,0.81994396,0.447072915,0.858465555,0.781522043,ns,ns,0,0.02332788,-0.033860776,up,down,match,unm,no,no
Q60598,Cttn,CTTN,1.145,1.007,0.84575,0.9,down,0.06802612,0.004879824,0.006880079,nr,CTTN,Q14247,1.042041093,0.361275199,0.894648126,0.355737654,ns,ns,0,-0.048426214,-0.090433317,down,down,match,match,no,no
Q60902,Eps15l1,EPS15L1,1.14425,1.02,1.00625,1.01075,down,0.069449678,0.024905472,0.041767135,nr,EPS15L1,Q9UBC2,3.733998297,0.031778916,0.032324957,0.707611098,sig,ns,0,-0.144469906,-0.04132261,down,down,match,match,yes,no
Q61166,Mapre1,MAPRE1,0.962,0.979,1.069,1.07325,up,0.695448436,0.042987033,0.034674703,nr,MAPRE1,Q15691,0.35832543,0.700865964,0.683512676,0.829615713,ns,ns,0,0.086047417,0.035295119,up,up,match,match,no,no
Q61644,Pacsin1,PACSIN1,0.9955,1.07775,0.8485,0.9305,down,0.080125509,0.027415745,0.123016835,resc,PACSIN1,Q9BY11,4.779411116,0.013233554,0.099547242,0.010468789,ns,sig,0,-0.138460777,-0.190483296,down,down,match,match,no,yes
Q62261,Sptbn1,SPTBN1,1.079,1.09,1.31475,1.14525,up,0.958316868,0.025817465,0.295892929,resc,SPTBN1,Q01082,4.603038156,0.01530424,0.066609693,0.014563383,ns,sig,0,-0.050401601,-0.059120148,down,down,unm,unm,no,no
Q62376,Snrnp70,SNRNP70,1.0685,0.98325,0.932,0.9345,down,0.312630515,0.004632504,0.005799078,nr,SNRNP70,P08621-2,0.877090762,0.423300699,0.999796868,0.524693465,ns,ns,0,-0.101415788,0.136539203,down,up,match,unm,no,no
Q62418,Dbnl,DBNL,0.9965,0.939,0.881,0.8965,down,0.177420509,0.01051296,0.020033121,nr,DBNL,Q9UJU6,8.542205907,0.000733652,0.311086282,0.000636484,ns,sig,0,-0.074909082,-0.210132793,down,down,match,match,no,yes
Q62420,Sh3gl2,SH3GL2,1.02675,1.0895,0.8775,0.90075,down,0.06802612,0.025817465,0.012715531,nr,SH3GL2,Q99962,3.400861601,0.042328523,0.033840741,0.451553368,sig,ns,0,-0.185872364,-0.082625707,down,down,match,match,yes,no
Q63844,Mapk3,MAPK3,0.8935,0.98675,1.329,1.14575,up,0.140892388,0.036064673,0.006880079,nr,MAPK3,P27361,2.871024613,0.067303566,0.196496404,0.928747582,ns,ns,0,-0.144037923,0.036722885,down,up,unm,match,no,no
Q64433,Hspe1,HSPE1,0.97325,0.899,0.6655,0.79325,down,0.428682672,0.01899351,0.089019549,resc,HSPE1,P61604,10.56779823,0.00017863,0.000105475,0.04275494,sig,sig,0,-0.248013689,-0.11708384,down,down,match,match,yes,yes
Q68FD5,Cltc,CLTC,0.96475,1.111,1.207,1.0905,up,0.492286617,0.017257793,0.313702623,resc,CLTC,Q00610-2,4.268634686,0.02021501,0.197402116,0.014966901,ns,sig,0,-0.077501654,-0.126409553,down,down,unm,unm,no,no
Q6IRU5-2,Cltb,CLTB,1.009,0.959,0.84075,0.89275,down,0.33903281,0.01051296,0.04303562,nr,CLTB,P09497,1.946868911,0.154819895,0.240344215,0.172111711,ns,ns,0,-0.093343687,-0.101370062,down,down,match,match,no,no
Q6P069,Sri,SRI,1.1285,1.11225,0.94375,1.0405,down,0.909403579,0.037895329,0.322860916,resc,SRI,C9J0K6,6.099592269,0.004590908,0.066730262,0.648599499,ns,ns,0,-0.119325793,0.038119666,down,up,match,unm,no,no
Q6PCP5,Mff,MFF,1.27925,1.22175,1.14,1.14975,down,0.242897544,0.026673778,0.030668718,nr,MFF,Q9GZY8-2,4.557219192,0.015895779,0.119420586,0.01239984,ns,sig,0,0.317355992,0.400172433,up,up,unm,unm,no,no
Q6PH08,Erc2,ERC2,1.21025,1.0675,0.91075,0.99475,down,0.074392893,0.011400816,0.023042602,nr,ERC2,O15083,1.534551152,0.226865648,0.207036438,0.44996118,ns,ns,0,-0.300554382,-0.215942456,down,down,match,match,no,no
Q6ZWM4,Lsm8,LSM8,1.101,1.02425,0.977,1.0385,down,0.090847767,0.036224831,0.247070483,resc,LSM8,O95777,0.554623034,0.578250975,0.988087479,0.614310927,ns,ns,0,-0.024350489,-0.127229068,down,down,match,match,no,no
Q791V5,Mtch2,MTCH2,1.2935,1.5125,1.90475,1.466,up,0.184139465,0.045975581,0.372612966,resc,MTCH2,Q9Y6C9,0.966534634,0.38832793,0.362470808,0.820117597,ns,ns,0,-0.092053393,-0.041350799,down,down,unm,unm,no,no
Q7TMM9,Tubb2a,TUBB2A,1.10275,1.209,1.682,1.23075,up,0.591779288,0.047871997,0.254281988,resc,TUBB2A,Q13885,7.650485503,0.001407989,0.937828864,0.003838051,ns,sig,0,-0.012398682,-0.105744659,down,down,unm,unm,no,no
Q7TQD2,Tppp,TPPP,1.20575,1.12525,0.99875,1.08425,down,0.346544379,0.004879824,0.00544175,nr,TPPP,O94811,0.838321529,0.439224902,0.896715359,0.427030714,ns,ns,0,-0.027057443,-0.079522952,down,down,match,match,no,no
Q80SW1,Ahcyl1,AHCYL1,0.8535,1.02425,1.61175,1.24725,up,0.254596693,0.014928068,0.025300189,nr,AHCYL1,O43865,4.879664766,0.012189175,0.654424349,0.012875002,ns,sig,0,-0.046510257,-0.169302715,down,down,unm,unm,no,no
Q80VP1,Epn1,EPN1,0.96175,0.94175,0.80575,0.8495,down,0.708074165,0.02654035,0.054414026,resc,EPN1,Q9Y6I3-3,2.768402629,0.073712816,0.112510226,0.100140852,ns,ns,0,-0.158661426,-0.163531416,down,down,match,match,no,no
Q8BGD9,Eif4b,EIF4B,1.118,1.0035,0.91575,0.963,down,0.27893059,0.022872709,0.031508124,nr,EIF4B,P23588,0.217495865,0.805390684,0.825537949,0.834880055,ns,ns,0,0.04241461,0.052934162,up,up,unm,unm,no,no
Q8BH95,Echs1,ECHS1,0.951,1.0445,1.1515,1.09225,up,0.410872977,0.049092747,0.150869959,resc,ECHS1,P30084,2.261081758,0.116218543,0.165952554,0.148751866,ns,ns,0,-0.109114876,-0.105417593,down,down,unm,unm,no,no
Q8BJU0,Sgta,SGTA,1.0555,0.94625,0.83225,0.90725,down,0.231100473,0.019394671,0.023042602,nr,SGTA,O43765,1.548143255,0.224002186,0.200035449,0.481248023,ns,ns,0,0.085816178,0.05563756,up,up,unm,unm,no,no
Q8BNY6,Ncs1,NCS1,1.16725,1.1955,0.8745,0.9385,down,0.741055653,0.040693811,0.054414026,resc,NCS1,P62166,3.277664386,0.047107084,0.83287593,0.201273176,ns,ns,0,-0.070592154,0.173073233,down,up,match,unm,no,no
Q8BVE3,Atp6v1h,ATP6V1H,1.009,1.10025,1.33975,1.16375,up,0.375805734,0.044822115,0.023936403,nr,ATP6V1H,Q9UI12-2,5.009032161,0.010967319,0.337799895,0.008337302,ns,sig,0,-0.08162134,-0.181075398,down,down,unm,unm,no,no
Q8BVI4,Qdpr,QDPR,0.92325,0.984,1.1765,1.091,up,0.561381133,0.025444233,0.090221768,resc,QDPR,P09417,1.334870104,0.273640547,0.306376545,0.353245501,ns,ns,0,0.265730701,0.216258255,up,up,match,match,no,no
Q8BWF0,Aldh5a1,ALDH5A1,0.8105,1.00025,1.46,1.20425,up,0.207682783,0.048626226,0.04303562,nr,ALDH5A1,P51649,0.238553843,0.788778482,0.795448437,0.839709444,ns,ns,0,-0.030554377,-0.028230849,down,down,unm,unm,no,no
Q8C0M9,Asrgl1,ASRGL1,0.807,0.8535,0.88725,0.8645,up,0.288725503,0.034577527,0.243755338,resc,ASRGL1,Q7L266,0.305572088,0.738252484,0.90950742,0.716380521,ns,ns,0,0.021831697,0.046364148,up,up,match,match,no,no
Q8CBW3,Abi1,ABI1,1.01175,1.0145,0.85225,0.97725,down,0.97992881,0.019638669,0.412434994,resc,ABI1,Q8IZP0-10,0.02497848,0.97534472,0.991017069,0.972858381,ns,ns,0,-0.007415606,-0.018417779,down,down,match,match,no,no
Q8CCT4,Tceal5,TCEAL5,1.13275,0.98275,0.9245,0.932,down,0.255366553,0.013793238,0.019279453,nr,TCEAL5,Q5H9L2,5.909510224,0.005330283,0.344049949,0.004193355,ns,sig,0,0.220272633,0.538516581,up,up,unm,unm,no,no
Q8JZR2,Crk,CRK,1.29825,1.162,1.1755,1.18825,down,0.086520754,0.047118436,0.091563333,resc,CRK,P46108,0.105014143,0.900536752,0.993301631,0.903236191,ns,ns,0,-0.007604211,-0.042552282,down,down,match,match,no,no
Q8K0S0,Phyhip,PHYHIP,0.945,1.12175,1.29025,1.16125,up,0.115096888,0.013977064,0.186178192,resc,PHYHIP,Q92561,2.724154233,0.076670308,0.061968242,0.461459734,ns,ns,0,-0.169171975,-0.087267221,down,down,unm,unm,no,no
Q8K0T0,Rtn1,RTN1,1.295,1.21775,1.168,1.12525,down,0.17092811,0.047871997,0.0929321,resc,RTN1,Q16799-3,4.498065003,0.016695039,0.613738903,0.016208383,ns,sig,0,-0.028016246,-0.225106837,down,down,match,match,no,yes
Q8R1N4,Nudcd3,NUDCD3,0.95475,0.871,0.7775,0.87875,down,0.346544379,0.033409157,0.329981129,resc,NUDCD3,Q8IVD9,0.402870997,0.670838625,0.993987377,0.706882613,ns,ns,0,-0.018155065,-0.084594023,down,down,match,match,no,no
Q91VD9,Ndufs1,NDUFS1,1.02325,1.212,1.5595,1.262,up,0.096933673,0.049539556,0.013299029,nr,NDUFS1,P28331,2.712161058,0.077493096,0.953745793,0.106208156,ns,ns,0,-0.026493057,-0.154249191,down,down,unm,unm,no,no
Q91VW3,Sh3bgrl3,SH3BGRL3,1.1695,1.07775,0.937,1.01175,down,0.258399759,0.019638669,0.055122636,resc,SH3BGRL3,Q9H299,0.405521558,0.669094876,0.930288154,0.651972308,ns,ns,0,0.042445009,0.090235562,up,up,unm,unm,no,no
Q91XV3,Basp1,BASP1,0.859,0.773,0.6195,0.68675,down,0.121535044,0.024308036,0.079774446,resc,BASP1,P80723,2.034857149,0.142818669,0.292544066,0.136551253,ns,ns,0,-0.175793063,-0.160690288,down,down,match,match,no,no
Q91ZZ3,Sncb,SNCB,1.1225,1.0155,0.893,0.95075,down,0.080125509,0.002705703,0.012742237,nr,SNCB,Q16143,5.557751731,0.007045888,0.220916859,0.004963385,ns,sig,0,-0.212174454,-0.38349638,down,down,match,match,no,yes
Q921J2,Rheb,RHEB,1.61525,1.481,1.294,1.33675,down,0.390795304,0.011616849,0.136860592,resc,RHEB,Q15382,0.544570664,0.583949994,0.983374217,0.732654374,ns,ns,0,0.010705215,-0.032039971,up,down,unm,match,no,no
Q922Q8,Lrrc59,LRRC59,1.028,0.99925,1.2735,1.2885,up,0.753572391,0.048458389,0.04586721,nr,LRRC59,Q96AG4,0.533050836,0.590553238,0.676312107,0.999879546,ns,ns,0,-0.060610785,0.017734931,down,up,unm,match,no,no
Q93092,Taldo1,TALDO1,0.95325,0.99375,1.116,1.0685,up,0.582480996,0.039736354,0.13574423,resc,TALDO1,P37837,0.94582675,0.396111412,0.389518041,0.549812523,ns,ns,0,0.183716803,0.123900939,up,up,match,match,no,no
Q99020,Hnrnpab,HNRNPAB,0.9115,0.744,0.77975,0.8125,down,0.09026666,0.01051296,0.050099328,resc,HNRNPAB,D6R9P3,2.945387252,0.063793619,0.064026139,0.166873017,ns,ns,0,-0.26465868,-0.222334383,down,down,match,match,no,no
Q99J08,Sec14l2,SEC14L2,1.1105,0.99125,0.95375,1.04625,down,0.115096888,0.047118436,0.156977499,resc,SEC14L2,B3KRD8,9.843367871,0.000293009,0.75797555,0.000635466,ns,sig,0,0.058271749,0.322662929,up,up,unm,unm,no,no
Q99KI0,Aco2,ACO2,1.014,1.05975,1.30575,1.11825,up,0.492286617,0.043466441,0.053126194,resc,ACO2,Q99798,1.794793982,0.178113198,0.798560016,0.169953655,ns,ns,0,-0.032739342,-0.088576179,down,down,unm,unm,no,no
Q99KX1,Mlf2,MLF2,1.13075,0.942,0.82275,0.913,down,0.054812455,0.006605512,0.029929371,nr,MLF2,Q15773,0.02435687,0.975950514,0.983255379,0.99990407,ns,ns,0,0.016594809,-0.007562204,up,down,unm,match,no,no
Q99LP6,Grpel1,GRPEL1,0.9515,0.9295,0.7605,0.88,down,0.872142622,0.033817853,0.5298884,resc,GRPEL1,Q9HAV7,3.808307552,0.029825616,0.034983293,0.804703974,sig,ns,0,-0.28030697,-0.046209968,down,down,match,match,yes,no
Q9CPQ8,Atp5mg,ATP5L,1.4205,1.3715,1.14175,1.31025,down,0.766004693,0.030424369,0.271004606,resc,ATP5L,O75964,0.733239295,0.486127134,0.63764114,0.475829549,ns,ns,0,-0.0831071,-0.115229773,down,down,match,match,no,no
Q9CPT4,Mydgf,MYDGF,0.92175,0.85225,0.741,0.863,down,0.3143325,0.019716917,0.432471773,resc,MYDGF,M0QXF7,2.932353946,0.063753897,0.053692502,0.555469921,ns,ns,0,-0.221994815,-0.093552767,down,down,match,match,no,no
Q9CPU0,Glo1,GLO1,1.1835,1.18025,0.99,1.015,down,0.919086253,0.007951605,0.00544175,nr,GLO1,Q04760,2.069936242,0.138308955,0.828791028,0.410632407,ns,ns,0,-0.037461443,0.065033392,down,up,match,unm,no,no
Q9CPW4,Arpc5,ARPC5,1.15625,1.0745,0.9245,0.993,down,0.223801926,0.01051296,0.035862392,nr,ARPC5,O15511,0.300378231,0.74204448,0.767913907,0.994007274,ns,ns,0,-0.048796288,0.021467843,down,up,match,unm,no,no
Q9CQB4,Uqcrb,UQCRB,1.10675,1.0475,0.81125,0.916,down,0.523937835,0.02211866,0.042351167,nr,UQCRB,P14927,1.412256278,0.254417541,0.989278168,0.398092482,ns,ns,0,0.006798525,-0.065527508,up,down,unm,match,no,no
Q9CQH3,Ndufb5,NDUFB5,1.187,1.16225,0.9625,1.0635,down,0.857541517,0.039736354,0.161721165,resc,NDUFB5,O43674,3.277951909,0.047095298,0.116081499,0.049682942,ns,sig,0,-0.171558631,-0.199771378,down,down,match,match,no,yes
Q9CQH7,Btf3l4,BTF3L4,1.05675,0.9585,0.83375,0.88125,down,0.483194098,0.027415745,0.059865924,resc,BTF3L4,Q96K17,0.02459894,0.975714557,0.974288947,0.986305301,ns,ns,0,-0.005967609,0.01247347,down,up,match,unm,no,no
Q9CQI3,Gmfb,GMFB,1.212,1.161,1.068,1.07775,down,0.359826406,0.030424369,0.056378135,resc,GMFB,P60983,1.907238634,0.160565344,0.160657018,0.837555915,ns,ns,0,-0.106209057,-0.028376625,down,down,match,match,no,no
Q9CR95,Necap1,NECAP1,1.1135,1.16675,0.96425,1.01425,down,0.247341126,0.018763768,0.059598402,resc,NECAP1,Q8NC96,1.888568695,0.163348869,0.942957309,0.347944157,ns,ns,0,0.033106153,-0.118798743,up,down,unm,match,no,no
Q9CRB9,Chchd3,CHCHD3,0.8885,0.89975,0.8355,0.8895,up,0.873604292,0.033409157,0.9811655,resc,CHCHD3,Q9NX63,2.082718065,0.136702969,0.397360782,0.840943234,ns,ns,0,-0.111189944,0.035682108,down,up,unm,match,no,no
Q9CWS0,Ddah1,DDAH1,0.76725,0.867,0.9645,0.97025,up,0.12444973,0.044042841,0.087585332,resc,DDAH1,O94760,0.691187704,0.506337338,0.997734405,0.57571505,ns,ns,0,0.002165731,0.033284757,up,up,match,match,no,no
Q9CZ44-3,Nsfl1c,NSFL1C,1.12525,0.993,0.9245,0.96225,down,0.149044829,0.031004854,0.072738112,resc,NSFL1C,Q9UNZ2,1.630638604,0.207414395,0.556647241,0.798471351,ns,ns,0,-0.055823609,0.041018819,down,up,match,unm,no,no
Q9D0K2,Oxct1,OXCT1,0.73875,0.96575,1.161,1.03675,up,0.145188923,0.042987033,0.025850543,nr,OXCT1,P55809,3.483460875,0.039410685,0.144946914,0.035151372,ns,sig,0,-0.120174874,-0.15355597,down,down,unm,unm,no,no
Q9D1E6,Tbcb,TBCB,0.8395,0.89525,1.01475,1.03,up,0.439674855,0.034813279,0.073701,resc,TBCB,Q99426,2.858672777,0.068043141,0.11477637,0.086430829,ns,ns,0,0.175098422,0.164464731,up,up,match,match,no,no
Q9D1L9,Lamtor5,LAMTOR5,1.28375,1.069,1.018,1.0445,down,0.073246862,0.019716917,0.030668718,nr,LAMTOR5,O43504,0.374390452,0.689927968,0.987030902,0.818529095,ns,ns,0,0.014223996,-0.070819674,up,down,unm,match,no,no
Q9D394,Rufy3,RUFY3,1.0225,1.0685,1.115,1.107,up,0.59387294,0.048650083,0.223424399,resc,RUFY3,Q7L099,1.426447874,0.251048282,0.59635368,0.823209029,ns,ns,0,0.061353845,-0.034105888,up,down,match,unm,no,no
Q9D3D9,Atp5f1d,ATP5D,1.2705,1.1495,0.966,1.0225,down,0.18347336,0.004632504,0.013299029,nr,ATP5D,P30049,0.188791723,0.82862608,0.86286614,0.999838309,ns,ns,0,0.029332707,-0.021081648,up,down,unm,match,no,no
Q9D6F9,Tubb4a,TUBB4A,1.19825,1.21725,1.477,1.25025,up,0.803768828,0.02375975,0.520085774,resc,TUBB4A,P04350,4.36713402,0.01861721,0.323243186,0.393629667,ns,ns,0,0.077145987,-0.070720656,up,down,match,unm,no,no
Q9D7S9,Chmp5,CHMP5,1.04825,0.91625,0.8705,0.892,down,0.12445078,0.019716917,0.052410165,resc,CHMP5,Q9NZZ3-2,0.582283728,0.562964742,0.882182531,0.849597504,ns,ns,0,0.095496901,-0.032256364,up,down,unm,match,no,no
Q9D8B3,Chmp4b,CHMP4B,1.022,0.93225,0.8615,0.91825,down,0.343951007,0.041696548,0.1731259,resc,CHMP4B,Q9H444,1.592888803,0.214839593,0.33261278,0.996789795,ns,ns,0,-0.093197449,-0.002432681,down,down,match,match,no,no
Q9D8Y0,Efhd2,EFHD2,1.00675,0.92875,0.86,0.9145,down,0.146855645,0.024308036,0.0407245,nr,EFHD2,Q96C19,0.157379035,0.854858951,0.980602828,0.850430181,ns,ns,0,-0.126429213,-0.095204466,down,down,match,match,no,no
Q9DBC7,Prkar1a,PRKAR1A,0.91275,0.93925,1.06425,1.04525,up,0.474477128,0.005413199,0.10084115,resc,PRKAR1A,P10644,2.252991789,0.117074401,0.330582499,0.101647037,ns,ns,0,0.199731967,0.243983374,up,up,match,match,no,no
Q9DBJ1,Pgam1,PGAM1,1.0095,1.0835,1.11225,1.11775,up,0.111659004,0.026277035,0.114951316,resc,PGAM1,P18669,1.49046543,0.236419502,0.507223593,0.88992431,ns,ns,0,0.043327321,-0.019522078,up,down,match,unm,no,no
Q9DBP5,Cmpk1,CMPK1,0.99625,0.95225,0.89625,0.94125,down,0.286728038,0.00780182,0.376639642,resc,CMPK1,P30085,2.430652855,0.099707397,0.161478425,0.99743283,ns,ns,0,0.106736511,-0.000248991,up,down,unm,match,no,no
Q9DCC5,Cbx3,CBX3,0.93575,0.83725,0.7845,0.8125,down,0.41198053,0.019394671,0.194770256,resc,CBX3,Q13185,0.531281768,0.591574174,0.97821127,0.612277875,ns,ns,0,0.058441731,0.107427571,up,up,unm,unm,no,no
Q9DCL8,Ppp1r2,PPP1R2,1.2095,1.04025,0.9645,1.004,down,0.347853757,0.033817853,0.083447482,resc,PPP1R2,E7EMN6,3.075215091,0.056706324,0.064830222,0.112251453,ns,ns,0,-0.394145217,-0.268583236,down,down,match,match,no,no
Q9DCS9,Ndufb10,NDUFB10,1.07975,0.89125,0.8175,0.92025,down,0.080125509,0.021691522,0.064008366,resc,NDUFB10,H3BPJ9,9.254829082,0.000441695,0.000513185,0.457708617,sig,ns,0,-0.448582437,-0.109679652,down,down,match,match,yes,no
Q9DCT2,Ndufs3,NDUFS3,1.31725,1.162,1.03825,1.0815,down,0.095603848,0.015575788,0.031856824,nr,NDUFS3,O75489,1.728566906,0.18937636,0.851749885,0.18935094,ns,ns,0,-0.035112885,-0.144469199,down,down,match,match,no,no
Q9DCX2,Atp5pd,ATP5H,1.131,1.07375,0.84475,0.96275,down,0.428368965,0.011051767,0.054653414,resc,ATP5H,O75947,0.933832035,0.400694309,0.700974504,0.36741512,ns,ns,0,-0.066570307,-0.099396984,down,down,match,match,no,no
Q9EQ20,Aldh6a1,ALDH6A1,1.1085,1.08625,1.321,1.2145,up,0.910461621,0.048626226,0.554872613,resc,ALDH6A1,Q02252-2,0.08359404,0.919950308,0.913735846,0.982214138,ns,ns,0,0.049847907,0.020257365,up,up,match,match,no,no
Q9JII6,Akr1a1,AKR1A1,0.993,1.184,1.16575,1.12225,up,0.3143325,0.00897913,0.019279453,nr,AKR1A1,P14550,1.625303766,0.208447241,0.270401309,0.989175332,ns,ns,0,-0.190137166,-0.023706179,down,down,unm,unm,no,no
Q9QUR7,Pin1,PIN1,1.058,0.99425,0.92975,0.958,down,0.315486349,0.02654035,0.070726306,resc,PIN1,Q13526,0.52457716,0.595460207,0.886146775,0.570225335,ns,ns,0,-0.026797767,-0.052592435,down,down,match,match,no,no
Q9QYF9,Ndrg3,NDRG3,1.10475,1.28925,1.35425,1.16375,up,0.091907626,0.014715282,0.235369283,resc,NDRG3,Q9UGV2,1.276316623,0.289191379,0.266902844,0.51683597,ns,ns,0,0.120257454,0.081882008,up,up,match,match,no,no
Q9QYG0,Ndrg2,NDRG2,0.96925,0.98875,1.09525,1.01925,up,0.718362992,0.024484391,0.295892929,resc,NDRG2,Q9UN36-2,3.107176159,0.054669593,0.996484901,0.099799426,ns,ns,0,-0.003506837,-0.153827167,down,down,unm,unm,no,no
Q9QZ23,Nfu1,NFU1,1.21775,1.1375,1.0345,1.0825,down,0.187760115,0.016581449,0.054414026,resc,NFU1,Q9UMS0-3,0.784505937,0.463239734,0.619956105,0.459908433,ns,ns,0,-0.108463911,-0.124309931,down,down,match,match,no,no
Q9R257,Hebp1,HEBP1,1.22125,1.11075,0.92375,0.97275,down,0.217524271,0.021367492,0.035394722,nr,HEBP1,Q9NRV9,1.392480209,0.25919166,0.259126075,0.400638335,ns,ns,0,0.242752392,0.213434819,up,up,unm,unm,no,no
Q9WTT4,Atp6v1g2,ATP6V1G2,1.23375,1.23625,1.0835,1.1955,down,0.994181209,0.030424369,0.751204309,resc,ATP6V1G2,O95670,0.389471457,0.679726915,0.654328554,0.885629436,ns,ns,0,0.07371285,0.035807825,up,up,unm,unm,no,no
Q9WV69,Dmtn,DMTN,1.0025,0.99,0.8965,0.93725,down,0.798294349,0.023788299,0.059598402,resc,DMTN,Q08495-4,7.045600521,0.002215803,0.218255954,0.001579772,ns,sig,0,-0.141180892,-0.274739702,down,down,match,match,no,yes
Q9WVE8,Pacsin2,PACSIN2,0.823,0.7525,0.733,0.82425,up,0.217524271,0.021878554,0.989822429,resc,PACSIN2,Q9UNF0-2,1.916109498,0.159260197,0.219462663,0.9901648,ns,ns,0,-0.136088489,-0.003288804,down,down,unm,unm,no,no
Q9WVF8,Tusc2,TUSC2,1.1905,1.1585,0.90875,1.01075,down,0.750290404,0.023058822,0.070312194,resc,TUSC2,O75896,0.35725689,0.701748919,0.682568921,0.848167364,ns,ns,0,-0.171648354,-0.059714955,down,down,match,match,no,no
Q9WVJ2,Psmd13,PSMD13,0.8025,0.8525,1.146,1.009,up,0.593859331,0.02654035,0.197541648,resc,PSMD13,Q9UNM6,0.506680202,0.60596466,0.708910636,0.607115512,ns,ns,0,-0.031412866,-0.035255589,down,down,unm,unm,no,no
Q9Z0E0,Ncdn,NCDN,1.00975,1.0805,1.304,1.04025,up,0.524285214,0.048626226,0.776901371,resc,NCDN,Q9UBB6,1.347815959,0.270321899,0.831406155,0.614024253,ns,ns,0,-0.030779853,0.047051798,down,up,unm,match,no,no
Q9Z0P4,Palm,PALM,1.00125,0.9385,0.839,0.8765,down,0.352940224,0.019716917,0.030668718,nr,PALM,O75781,0.754611785,0.476180392,0.675420891,0.452846433,ns,ns,0,-0.055088348,-0.066042443,down,down,match,match,no,no
Q9Z140,Cpne6,CPNE6,1.079,1.5225,1.80375,1.262,up,0.090847767,0.0209809,0.095802991,resc,CPNE6,O95741,4.040331552,0.024494906,0.330631765,0.445247078,ns,ns,0,-0.163684976,0.095240726,down,up,unm,match,no,no
Q9Z1N5,Ddx39b,DDX39B,1.121,1.2365,1.4995,1.21125,up,0.403998161,0.042948284,0.432471773,resc,DDX39B,Q13838,0.083513287,0.920024318,0.984846059,0.914787151,ns,ns,0,0.014361024,0.024499016,up,up,match,match,no,no
Q9Z2I8,Suclg2,SUCLG2,0.63825,0.6955,0.8955,0.95475,up,0.519301506,0.044554932,0.035862392,nr,SUCLG2,Q96I99,2.846747567,0.068765234,0.805400189,0.072590561,ns,ns,0,0.081201713,0.210212962,up,up,match,match,no,no
Q9Z2U1,Psma5,PSMA5,0.9105,0.85075,0.8265,0.88475,down,0.111659004,0.02383435,0.560263027,resc,PSMA5,P28066,4.362687153,0.01868642,0.732561427,0.020897689,ns,sig,0,0.030804046,0.112030066,up,up,unm,unm,no,no
Q9Z2Y3,Homer1,HOMER1,1.10975,1.087,0.95975,1.00475,down,0.707513716,0.035527205,0.101168238,resc,HOMER1,Q86YM7,8.875226154,0.000577931,0.010553582,0.000480516,sig,sig,0,-0.260619446,-0.335964328,down,down,match,match,yes,yes
